id,duration,protocol_type,service,flag,src_bytes,dst_bytes,land,wrong_fragment,urgent,hot,num_failed_logins,logged_in,num_compromised,root_shell,su_attempted,num_root,num_file_creations,num_shells,num_access_files,num_outbound_cmds,is_host_login,is_guest_login,count,srv_count,serror_rate,srv_serror_rate,rerror_rate,srv_rerror_rate,same_srv_rate,diff_srv_rate,srv_diff_host_rate,dst_host_count,dst_host_srv_count,dst_host_same_srv_rate,dst_host_diff_srv_rate,dst_host_same_src_port_rate,dst_host_srv_diff_host_rate,dst_host_serror_rate,dst_host_srv_serror_rate,dst_host_rerror_rate,dst_host_srv_rerror_rate,group
1,0,tcp,http,SF,181,5450,0,0,0,0,0,1,0,0,0,0,0,0,0,0,0,0,8,8,0.00,0.00,0.00,0.00,1.00,0.00,0.00,9,9,1.00,0.00,0.11,0.00,0.00,0.00,0.00,0.00
2,0,tcp,http,SF,239,486,0,0,0,0,0,1,0,0,0,0,0,0,0,0,0,0,8,8,0.00,0.00,0.00,0.00,1.00,0.00,0.00,19,19,1.00,0.00,0.05,0.00,0.00,0.00,0.00,0.00
3,0,tcp,http,SF,235,1337,0,0,0,0,0,1,0,0,0,0,0,0,0,0,0,0,8,8,0.00,0.00,0.00,0.00,1.00,0.00,0.00,29,29,1.00,0.00,0.03,0.00,0.00,0.00,0.00,0.00
4,0,tcp,http,SF,219,1337,0,0,0,0,0,1,0,0,0,0,0,0,0,0,0,0,6,6,0.00,0.00,0.00,0.00,1.00,0.00,0.00,39,39,1.00,0.00,0.03,0.00,0.00,0.00,0.00,0.00
5,0,tcp,http,SF,217,2032,0,0,0,0,0,1,0,0,0,0,0,0,0,0,0,0,6,6,0.00,0.00,0.00,0.00,1.00,0.00,0.00,49,49,1.00,0.00,0.02,0.00,0.00,0.00,0.00,0.00
6,0,tcp,http,SF,217,2032,0,0,0,0,0,1,0,0,0,0,0,0,0,0,0,0,6,6,0.00,0.00,0.00,0.00,1.00,0.00,0.00,59,59,1.00,0.00,0.02,0.00,0.00,0.00,0.00,0.00
7,0,tcp,http,SF,212,1940,0,0,0,0,0,1,0,0,0,0,0,0,0,0,0,0,1,2,0.00,0.00,0.00,0.00,1.00,0.00,1.00,1,69,1.00,0.00,1.00,0.04,0.00,0.00,0.00,0.00
8,0,tcp,http,SF,159,4087,0,0,0,0,0,1,0,0,0,0,0,0,0,0,0,0,5,5,0.00,0.00,0.00,0.00,1.00,0.00,0.00,11,79,1.00,0.00,0.09,0.04,0.00,0.00,0.00,0.00
9,0,tcp,http,SF,210,151,0,0,0,0,0,1,0,0,0,0,0,0,0,0,0,0,8,8,0.00,0.00,0.00,0.00,1.00,0.00,0.00,8,89,1.00,0.00,0.12,0.04,0.00,0.00,0.00,0.00
10,0,tcp,http,SF,212,786,0,0,0,1,0,1,0,0,0,0,0,0,0,0,0,0,8,8,0.00,0.00,0.00,0.00,1.00,0.00,0.00,8,99,1.00,0.00,0.12,0.05,0.00,0.00,0.00,0.00
11,0,tcp,http,SF,210,624,0,0,0,0,0,1,0,0,0,0,0,0,0,0,0,0,18,18,0.00,0.00,0.00,0.00,1.00,0.00,0.00,18,109,1.00,0.00,0.06,0.05,0.00,0.00,0.00,0.00
12,0,tcp,http,SF,177,1985,0,0,0,0,0,1,0,0,0,0,0,0,0,0,0,0,1,1,0.00,0.00,0.00,0.00,1.00,0.00,0.00,28,119,1.00,0.00,0.04,0.04,0.00,0.00,0.00,0.00
13,0,tcp,http,SF,222,773,0,0,0,0,0,1,0,0,0,0,0,0,0,0,0,0,11,11,0.00,0.00,0.00,0.00,1.00,0.00,0.00,38,129,1.00,0.00,0.03,0.04,0.00,0.00,0.00,0.00
14,0,tcp,http,SF,256,1169,0,0,0,0,0,1,0,0,0,0,0,0,0,0,0,0,4,4,0.00,0.00,0.00,0.00,1.00,0.00,0.00,4,139,1.00,0.00,0.25,0.04,0.00,0.00,0.00,0.00
15,0,tcp,http,SF,241,259,0,0,0,0,0,1,0,0,0,0,0,0,0,0,0,0,1,1,0.00,0.00,0.00,0.00,1.00,0.00,0.00,14,149,1.00,0.00,0.07,0.04,0.00,0.00,0.00,0.00
16,0,tcp,http,SF,260,1837,0,0,0,0,0,1,0,0,0,0,0,0,0,0,0,0,11,11,0.00,0.00,0.00,0.00,1.00,0.00,0.00,24,159,1.00,0.00,0.04,0.04,0.00,0.00,0.00,0.00
17,0,tcp,http,SF,241,261,0,0,0,0,0,1,0,0,0,0,0,0,0,0,0,0,2,2,0.00,0.00,0.00,0.00,1.00,0.00,0.00,34,169,1.00,0.00,0.03,0.04,0.00,0.00,0.00,0.00
18,0,tcp,http,SF,257,818,0,0,0,0,0,1,0,0,0,0,0,0,0,0,0,0,12,12,0.00,0.00,0.00,0.00,1.00,0.00,0.00,44,179,1.00,0.00,0.02,0.03,0.00,0.00,0.00,0.00
19,0,tcp,http,SF,233,255,0,0,0,0,0,1,0,0,0,0,0,0,0,0,0,0,2,8,0.00,0.00,0.00,0.00,1.00,0.00,0.25,54,189,1.00,0.00,0.02,0.03,0.00,0.00,0.00,0.00
20,0,tcp,http,SF,233,504,0,0,0,0,0,1,0,0,0,0,0,0,0,0,0,0,7,7,0.00,0.00,0.00,0.00,1.00,0.00,0.00,64,199,1.00,0.00,0.02,0.03,0.00,0.00,0.00,0.00
21,0,tcp,http,SF,256,1273,0,0,0,0,0,1,0,0,0,0,0,0,0,0,0,0,17,17,0.00,0.00,0.00,0.00,1.00,0.00,0.00,74,209,1.00,0.00,0.01,0.03,0.00,0.00,0.00,0.00
22,0,tcp,http,SF,234,255,0,0,0,0,0,1,0,0,0,0,0,0,0,0,0,0,5,5,0.00,0.00,0.00,0.00,1.00,0.00,0.00,84,219,1.00,0.00,0.01,0.03,0.00,0.00,0.00,0.00
23,0,tcp,http,SF,241,259,0,0,0,0,0,1,0,0,0,0,0,0,0,0,0,0,12,12,0.00,0.00,0.00,0.00,1.00,0.00,0.00,94,229,1.00,0.00,0.01,0.03,0.00,0.00,0.00,0.00
24,0,tcp,http,SF,239,968,0,0,0,0,0,1,0,0,0,0,0,0,0,0,0,0,3,3,0.00,0.00,0.00,0.00,1.00,0.00,0.00,3,239,1.00,0.00,0.33,0.03,0.00,0.00,0.00,0.00
25,0,tcp,http,SF,245,1919,0,0,0,0,0,1,0,0,0,0,0,0,0,0,0,0,13,13,0.00,0.00,0.00,0.00,1.00,0.00,0.00,13,249,1.00,0.00,0.08,0.03,0.00,0.00,0.00,0.00
26,0,tcp,http,SF,248,2129,0,0,0,0,0,1,0,0,0,0,0,0,0,0,0,0,23,23,0.00,0.00,0.00,0.00,1.00,0.00,0.00,23,255,1.00,0.00,0.04,0.03,0.00,0.00,0.00,0.00
27,0,tcp,http,SF,354,1752,0,0,0,0,0,1,0,0,0,0,0,0,0,0,0,0,2,2,0.00,0.00,0.00,0.00,1.00,0.00,0.00,5,255,1.00,0.00,0.20,0.04,0.00,0.00,0.00,0.00
28,0,tcp,http,SF,193,3991,0,0,0,0,0,1,0,0,0,0,0,0,0,0,0,0,1,1,0.00,0.00,0.00,0.00,1.00,0.00,0.00,1,255,1.00,0.00,1.00,0.05,0.00,0.00,0.00,0.00
29,0,tcp,http,SF,214,14959,0,0,0,0,0,1,0,0,0,0,0,0,0,0,0,0,6,6,0.00,0.00,0.00,0.00,1.00,0.00,0.00,11,255,1.00,0.00,0.09,0.05,0.00,0.00,0.00,0.00
30,0,tcp,http,SF,212,1309,0,0,0,0,0,1,0,0,0,0,0,0,0,0,0,0,2,10,0.00,0.00,0.00,0.00,1.00,0.00,0.20,21,255,1.00,0.00,0.05,0.05,0.00,0.00,0.00,0.00
31,0,tcp,http,SF,215,3670,0,0,0,0,0,1,0,0,0,0,0,0,0,0,0,0,3,3,0.00,0.00,0.00,0.00,1.00,0.00,0.00,31,255,1.00,0.00,0.03,0.05,0.00,0.00,0.00,0.00
32,0,tcp,http,SF,217,18434,0,0,0,0,0,1,0,0,0,0,0,0,0,0,0,0,2,2,0.00,0.00,0.00,0.00,1.00,0.00,0.00,41,255,1.00,0.00,0.02,0.05,0.00,0.00,0.00,0.00
33,0,tcp,http,SF,205,424,0,0,0,0,0,1,0,0,0,0,0,0,0,0,0,0,2,25,0.00,0.00,0.00,0.00,1.00,0.00,0.12,2,255,1.00,0.00,0.50,0.05,0.00,0.00,0.00,0.00
34,0,tcp,http,SF,155,424,0,0,0,0,0,1,0,0,0,0,0,0,0,0,0,0,3,13,0.00,0.00,0.00,0.00,1.00,0.00,0.15,12,255,1.00,0.00,0.08,0.05,0.00,0.00,0.00,0.00
35,0,tcp,http,SF,202,424,0,0,0,0,0,1,0,0,0,0,0,0,0,0,0,0,3,3,0.00,0.00,0.00,0.00,1.00,0.00,0.00,22,255,1.00,0.00,0.05,0.05,0.00,0.00,0.00,0.00
36,0,tcp,http,SF,235,6627,0,0,0,0,0,1,0,0,0,0,0,0,0,0,0,0,1,1,0.00,0.00,0.00,0.00,1.00,0.00,0.00,32,255,1.00,0.00,0.03,0.05,0.00,0.00,0.00,0.00
37,0,tcp,http,SF,259,3917,0,0,0,0,0,1,0,0,0,0,0,0,0,0,0,0,1,1,0.00,0.00,0.00,0.00,1.00,0.00,0.00,42,255,1.00,0.00,0.02,0.05,0.00,0.00,0.00,0.00
38,0,tcp,http,SF,301,2653,0,0,0,0,0,1,0,0,0,0,0,0,0,0,0,0,2,2,0.00,0.00,0.00,0.00,1.00,0.00,0.00,52,255,1.00,0.00,0.02,0.05,0.00,0.00,0.00,0.00
39,0,tcp,http,SF,322,424,0,0,0,0,0,1,0,0,0,0,0,0,0,0,0,0,2,2,0.00,0.00,0.00,0.00,1.00,0.00,0.00,62,255,1.00,0.00,0.02,0.05,0.00,0.00,0.00,0.00
40,0,tcp,http,SF,370,520,0,0,0,0,0,1,0,0,0,0,0,0,0,0,0,0,3,3,0.00,0.00,0.00,0.00,1.00,0.00,0.00,72,255,1.00,0.00,0.01,0.04,0.00,0.00,0.00,0.00
41,0,tcp,http,SF,370,520,0,0,0,0,0,1,0,0,0,0,0,0,0,0,0,0,3,3,0.00,0.00,0.00,0.00,1.00,0.00,0.00,82,255,1.00,0.00,0.01,0.04,0.00,0.00,0.00,0.00
42,0,tcp,http,SF,172,5884,0,0,0,0,0,1,0,0,0,0,0,0,0,0,0,0,6,6,0.00,0.00,0.00,0.00,1.00,0.00,0.00,10,255,1.00,0.00,0.10,0.05,0.00,0.00,0.00,0.00
43,0,tcp,http,SF,264,16123,0,0,0,0,0,1,0,0,0,0,0,0,0,0,0,0,2,13,0.00,0.00,0.00,0.00,1.00,0.00,0.23,20,255,1.00,0.00,0.05,0.05,0.00,0.00,0.00,0.00
44,0,tcp,http,SF,255,1948,0,0,0,0,0,1,0,0,0,0,0,0,0,0,0,0,4,14,0.00,0.00,0.00,0.00,1.00,0.00,0.14,30,255,1.00,0.00,0.03,0.05,0.00,0.00,0.00,0.00
45,0,tcp,http,SF,274,19790,0,0,0,0,0,1,0,0,0,0,0,0,0,0,0,0,6,6,0.00,0.00,0.00,0.00,1.00,0.00,0.00,40,255,1.00,0.00,0.03,0.05,0.00,0.00,0.00,0.00
46,0,tcp,http,SF,313,293,0,0,0,0,0,1,0,0,0,0,0,0,0,0,0,0,3,3,0.00,0.00,0.00,0.00,1.00,0.00,0.00,3,255,1.00,0.00,0.33,0.05,0.00,0.00,0.00,0.00
47,0,tcp,http,SF,145,4466,0,0,0,0,0,1,0,0,0,0,0,0,0,0,0,0,4,4,0.00,0.00,0.00,0.00,1.00,0.00,0.00,13,255,1.00,0.00,0.08,0.05,0.00,0.00,0.00,0.00
48,0,tcp,http,SF,290,460,0,0,0,0,0,1,0,0,0,0,0,0,0,0,0,0,1,1,0.00,0.00,0.00,0.00,1.00,0.00,0.00,23,255,1.00,0.00,0.04,0.05,0.00,0.00,0.00,0.00
49,0,tcp,http,SF,309,17798,0,0,0,0,0,1,0,0,0,0,0,0,0,0,0,0,2,2,0.00,0.00,0.00,0.00,1.00,0.00,0.00,2,255,1.00,0.00,0.50,0.06,0.00,0.00,0.00,0.00
50,0,tcp,http,SF,317,2075,0,0,0,0,0,1,0,0,0,0,0,0,0,0,0,0,4,4,0.00,0.00,0.00,0.00,1.00,0.00,0.00,8,255,1.00,0.00,0.12,0.06,0.00,0.00,0.00,0.00
51,0,tcp,http,SF,300,42747,0,0,0,0,0,1,0,0,0,0,0,0,0,0,0,0,4,5,0.00,0.00,0.00,0.00,1.00,0.00,0.40,18,255,1.00,0.00,0.06,0.06,0.00,0.00,0.00,0.00
52,0,tcp,http,SF,307,1377,0,0,0,0,0,1,0,0,0,0,0,0,0,0,0,0,8,8,0.00,0.00,0.00,0.00,1.00,0.00,0.00,8,255,1.00,0.00,0.12,0.06,0.00,0.00,0.00,0.00
53,0,tcp,http,SF,309,1030,0,0,0,0,0,1,0,0,0,0,0,0,0,0,0,0,18,18,0.00,0.00,0.00,0.00,1.00,0.00,0.00,18,255,1.00,0.00,0.06,0.05,0.00,0.00,0.00,0.00
54,0,tcp,http,SF,306,1030,0,0,0,0,0,1,0,0,0,0,0,0,0,0,0,0,28,28,0.00,0.00,0.00,0.00,1.00,0.00,0.00,28,255,1.00,0.00,0.04,0.04,0.00,0.00,0.00,0.00
55,0,tcp,http,SF,237,1691,0,0,0,0,0,1,0,0,0,0,0,0,0,0,0,0,10,10,0.00,0.00,0.00,0.00,1.00,0.00,0.00,10,255,1.00,0.00,0.10,0.05,0.00,0.00,0.00,0.00
56,0,tcp,http,SF,237,2964,0,0,0,0,0,1,0,0,0,0,0,0,0,0,0,0,7,7,0.00,0.00,0.00,0.00,1.00,0.00,0.00,20,255,1.00,0.00,0.05,0.05,0.00,0.00,0.00,0.00
57,0,tcp,http,SF,239,1691,0,0,0,0,0,1,0,0,0,0,0,0,0,0,0,0,4,4,0.00,0.00,0.00,0.00,1.00,0.00,0.00,30,255,1.00,0.00,0.03,0.05,0.00,0.00,0.00,0.00
58,0,tcp,http,SF,160,170,0,0,0,0,0,1,0,0,0,0,0,0,0,0,0,0,1,1,0.00,0.00,0.00,0.00,1.00,0.00,0.00,1,255,1.00,0.00,1.00,0.05,0.00,0.00,0.00,0.00
59,0,tcp,http,SF,231,2281,0,0,0,0,0,1,0,0,0,0,0,0,0,0,0,0,9,10,0.00,0.00,0.00,0.00,1.00,0.00,0.20,11,255,1.00,0.00,0.09,0.04,0.00,0.00,0.00,0.00
60,0,tcp,http,SF,227,1247,0,0,0,0,0,1,0,0,0,0,0,0,0,0,0,0,19,20,0.00,0.00,0.00,0.00,1.00,0.00,0.10,21,255,1.00,0.00,0.05,0.04,0.00,0.00,0.00,0.00
61,0,tcp,http,SF,232,8766,0,0,0,0,0,1,0,0,0,0,0,0,0,0,0,0,10,10,0.00,0.00,0.00,0.00,1.00,0.00,0.00,31,255,1.00,0.00,0.03,0.04,0.00,0.00,0.00,0.00
62,0,tcp,http,SF,233,3609,0,0,0,0,0,1,0,0,0,0,0,0,0,0,0,0,6,6,0.00,0.00,0.00,0.00,1.00,0.00,0.00,41,255,1.00,0.00,0.02,0.04,0.00,0.00,0.00,0.00
63,0,tcp,http,SF,236,468,0,0,0,0,0,1,0,0,0,0,0,0,0,0,0,0,16,17,0.00,0.00,0.00,0.00,1.00,0.00,0.12,51,255,1.00,0.00,0.02,0.04,0.00,0.00,0.00,0.00
64,0,tcp,http,SF,322,8766,0,0,0,0,0,1,0,0,0,0,0,0,0,0,0,0,7,7,0.00,0.00,0.00,0.00,1.00,0.00,0.00,61,255,1.00,0.00,0.02,0.04,0.00,0.00,0.00,0.00
65,0,tcp,http,SF,327,2112,0,0,0,0,0,1,0,0,0,0,0,0,0,0,0,0,17,17,0.00,0.00,0.00,0.00,1.00,0.00,0.00,71,255,1.00,0.00,0.01,0.04,0.00,0.00,0.00,0.00
66,0,tcp,http,SF,225,2063,0,0,0,0,0,1,0,0,0,0,0,0,0,0,0,0,8,8,0.00,0.00,0.00,0.00,1.00,0.00,0.00,81,255,1.00,0.00,0.01,0.04,0.00,0.00,0.00,0.00
67,0,tcp,http,SF,224,1658,0,0,0,0,0,1,0,0,0,0,0,0,0,0,0,0,18,18,0.00,0.00,0.00,0.00,1.00,0.00,0.00,91,255,1.00,0.00,0.01,0.04,0.00,0.00,0.00,0.00
68,0,tcp,http,SF,224,3609,0,0,0,0,0,1,0,0,0,0,0,0,0,0,0,0,9,10,0.00,0.00,0.00,0.00,1.00,0.00,0.20,101,255,1.00,0.00,0.02,0.04,0.00,0.00,0.00,0.00
69,0,tcp,http,SF,230,2118,0,0,0,0,0,1,0,0,0,0,0,0,0,0,0,0,19,20,0.00,0.00,0.00,0.00,1.00,0.00,0.10,111,255,1.00,0.00,0.02,0.04,0.00,0.00,0.00,0.00
70,0,tcp,http,SF,239,304,0,0,0,0,0,1,0,0,0,0,0,0,0,0,0,0,10,20,0.00,0.00,0.00,0.00,1.00,0.00,0.20,121,255,1.00,0.00,0.01,0.04,0.00,0.00,0.00,0.00
71,0,tcp,http,SF,240,2164,0,0,0,0,0,1,0,0,0,0,0,0,0,0,0,0,6,34,0.00,0.00,0.00,0.00,1.00,0.00,0.06,131,255,1.00,0.00,0.01,0.03,0.00,0.00,0.00,0.00
72,0,tcp,http,SF,237,2112,0,0,0,0,0,1,0,0,0,0,0,0,0,0,0,0,16,33,0.00,0.00,0.00,0.00,1.00,0.00,0.06,141,255,1.00,0.00,0.01,0.03,0.00,0.00,0.00,0.00
73,0,tcp,http,SF,229,304,0,0,0,0,0,1,0,0,0,0,0,0,0,0,0,0,7,7,0.00,0.00,0.00,0.00,1.00,0.00,0.00,151,255,1.00,0.00,0.01,0.03,0.00,0.00,0.00,0.00
74,0,tcp,http,SF,164,4460,0,0,0,0,0,1,0,0,0,0,0,0,0,0,0,0,17,18,0.00,0.00,0.00,0.00,1.00,0.00,0.11,161,255,1.00,0.00,0.01,0.02,0.00,0.00,0.00,0.00
75,0,tcp,http,SF,242,2118,0,0,0,0,0,1,0,0,0,0,0,0,0,0,0,0,27,28,0.00,0.00,0.00,0.00,1.00,0.00,0.07,171,255,1.00,0.00,0.01,0.02,0.00,0.00,0.00,0.00
76,0,tcp,http,SF,238,296,0,0,0,0,0,1,0,0,0,0,0,0,0,0,0,0,4,10,0.00,0.00,0.00,0.00,1.00,0.00,0.20,181,255,1.00,0.00,0.01,0.02,0.00,0.00,0.00,0.00
77,0,tcp,http,SF,238,2112,0,0,0,0,0,1,0,0,0,0,0,0,0,0,0,0,14,20,0.00,0.00,0.00,0.00,1.00,0.00,0.10,191,255,1.00,0.00,0.01,0.01,0.00,0.00,0.00,0.00
78,0,tcp,http,SF,208,2000,0,0,0,0,0,1,0,0,0,0,0,0,0,0,0,0,5,19,0.00,0.00,0.00,0.00,1.00,0.00,0.16,201,255,1.00,0.00,0.00,0.01,0.00,0.00,0.00,0.00
79,0,tcp,http,SF,213,2164,0,0,0,0,0,1,0,0,0,0,0,0,0,0,0,0,15,34,0.00,0.00,0.00,0.00,1.00,0.00,0.12,211,255,1.00,0.00,0.00,0.01,0.00,0.00,0.00,0.00
80,0,tcp,http,SF,297,2000,0,0,0,0,0,1,0,0,0,0,0,0,0,0,0,0,6,6,0.00,0.00,0.00,0.00,1.00,0.00,0.00,221,255,1.00,0.00,0.00,0.01,0.00,0.00,0.00,0.00
81,0,tcp,http,SF,302,2164,0,0,0,0,0,1,0,0,0,0,0,0,0,0,0,0,16,16,0.00,0.00,0.00,0.00,1.00,0.00,0.00,231,255,1.00,0.00,0.00,0.01,0.00,0.00,0.00,0.00
82,0,tcp,http,SF,310,2195,0,0,0,0,0,1,0,0,0,0,0,0,0,0,0,0,7,7,0.00,0.00,0.00,0.00,1.00,0.00,0.00,241,255,1.00,0.00,0.00,0.01,0.00,0.00,0.00,0.00
83,0,tcp,http,SF,314,2298,0,0,0,0,0,1,0,0,0,0,0,0,0,0,0,0,3,9,0.00,0.00,0.00,0.00,1.00,0.00,0.22,251,255,1.00,0.00,0.00,0.01,0.00,0.00,0.00,0.00
84,0,tcp,http,SF,309,296,0,0,0,0,0,1,0,0,0,0,0,0,0,0,0,0,13,19,0.00,0.00,0.00,0.00,1.00,0.00,0.11,255,255,1.00,0.00,0.00,0.00,0.00,0.00,0.00,0.00
85,0,tcp,http,SF,307,468,0,0,0,0,0,1,0,0,0,0,0,0,0,0,0,0,9,14,0.00,0.00,0.00,0.00,1.00,0.00,0.14,255,255,1.00,0.00,0.00,0.00,0.00,0.00,0.00,0.00
86,0,tcp,http,SF,310,304,0,0,0,0,0,1,0,0,0,0,0,0,0,0,0,0,5,5,0.00,0.00,0.00,0.00,1.00,0.00,0.00,255,255,1.00,0.00,0.00,0.00,0.00,0.00,0.00,0.00
87,0,tcp,http,SF,187,4460,0,0,0,0,0,1,0,0,0,0,0,0,0,0,0,0,1,1,0.00,0.00,0.00,0.00,1.00,0.00,0.00,255,255,1.00,0.00,0.00,0.00,0.00,0.00,0.00,0.00
88,0,tcp,http,SF,201,3421,0,0,0,0,0,1,0,0,0,0,0,0,0,0,0,0,11,11,0.00,0.00,0.00,0.00,1.00,0.00,0.00,255,255,1.00,0.00,0.00,0.00,0.00,0.00,0.00,0.00
89,0,tcp,http,SF,155,2026,0,0,0,0,0,1,0,0,0,0,0,0,0,0,0,0,2,2,0.00,0.00,0.00,0.00,1.00,0.00,0.00,255,255,1.00,0.00,0.00,0.00,0.00,0.00,0.00,0.00
90,0,tcp,http,SF,222,1981,0,0,0,0,0,1,0,0,0,0,0,0,0,0,0,0,12,12,0.00,0.00,0.00,0.00,1.00,0.00,0.00,255,255,1.00,0.00,0.00,0.00,0.00,0.00,0.00,0.00
91,0,tcp,http,SF,219,2000,0,0,0,0,0,1,0,0,0,0,0,0,0,0,0,0,8,8,0.00,0.00,0.00,0.00,1.00,0.00,0.00,255,255,1.00,0.00,0.00,0.00,0.00,0.00,0.00,0.00
92,0,tcp,http,SF,220,304,0,0,0,0,0,1,0,0,0,0,0,0,0,0,0,0,4,7,0.00,0.00,0.00,0.00,1.00,0.00,0.29,255,255,1.00,0.00,0.00,0.00,0.00,0.00,0.00,0.00
93,0,tcp,http,SF,230,2395,0,0,0,0,0,1,0,0,0,0,0,0,0,0,0,0,14,18,0.00,0.00,0.00,0.00,1.00,0.00,0.11,255,255,1.00,0.00,0.00,0.00,0.00,0.00,0.00,0.00
94,0,tcp,http,SF,221,2112,0,0,0,0,0,1,0,0,0,0,0,0,0,0,0,0,10,10,0.00,0.00,0.00,0.00,1.00,0.00,0.00,255,255,1.00,0.00,0.00,0.00,0.00,0.00,0.00,0.00
95,0,tcp,http,SF,329,1735,0,0,0,0,0,1,0,0,0,0,0,0,0,0,0,0,2,11,0.00,0.00,0.00,0.00,1.00,0.00,0.18,2,255,1.00,0.00,0.50,0.01,0.00,0.00,0.00,0.00
96,0,tcp,http,SF,337,330,0,0,0,0,0,1,0,0,0,0,0,0,0,0,0,0,12,12,0.00,0.00,0.00,0.00,1.00,0.00,0.00,12,255,1.00,0.00,0.08,0.01,0.00,0.00,0.00,0.00
97,0,tcp,http,SF,293,38125,0,0,0,0,0,1,0,0,0,0,0,0,0,0,0,0,22,22,0.00,0.00,0.00,0.00,1.00,0.00,0.00,22,255,1.00,0.00,0.05,0.01,0.00,0.00,0.00,0.00
98,0,tcp,http,SF,171,280,0,0,0,0,0,1,0,0,0,0,0,0,0,0,0,0,1,26,0.00,0.00,0.00,0.00,1.00,0.00,0.08,6,255,1.00,0.00,0.17,0.02,0.00,0.00,0.00,0.00
99,0,tcp,http,SF,178,1973,0,0,0,0,0,1,0,0,0,0,0,0,0,0,0,0,2,2,0.00,0.00,0.00,0.00,1.00,0.00,0.00,16,255,1.00,0.00,0.06,0.02,0.00,0.00,0.00,0.00
100,0,tcp,http,SF,331,8415,0,0,0,0,0,1,0,0,0,0,0,0,0,0,0,0,2,2,0.00,0.00,0.00,0.00,1.00,0.00,0.00,26,255,1.00,0.00,0.04,0.02,0.00,0.00,0.00,0.00
101,0,tcp,http,SF,314,308,0,0,0,0,0,1,0,0,0,0,0,0,0,0,0,0,4,23,0.00,0.00,0.00,0.00,1.00,0.00,0.09,4,255,1.00,0.00,0.25,0.03,0.00,0.00,0.00,0.00
102,0,tcp,http,SF,330,13179,0,0,0,0,0,1,0,0,0,0,0,0,0,0,0,0,1,1,0.00,0.00,0.00,0.00,1.00,0.00,0.00,14,255,1.00,0.00,0.07,0.03,0.00,0.00,0.00,0.00
103,0,tcp,http,SF,341,1473,0,0,0,0,0,1,0,0,0,0,0,0,0,0,0,0,7,7,0.00,0.00,0.00,0.00,1.00,0.00,0.00,24,255,1.00,0.00,0.04,0.03,0.00,0.00,0.00,0.00
104,0,tcp,http,SF,302,3966,0,0,0,0,0,1,0,0,0,0,0,0,0,0,0,0,4,4,0.00,0.00,0.00,0.00,1.00,0.00,0.00,34,255,1.00,0.00,0.03,0.03,0.00,0.00,0.00,0.00
105,0,tcp,http,SF,172,524,0,0,0,0,0,1,0,0,0,0,0,0,0,0,0,0,2,34,0.00,0.00,0.00,0.00,1.00,0.00,0.06,10,255,1.00,0.00,0.10,0.03,0.00,0.00,0.00,0.00
106,0,tcp,http,SF,218,13340,0,0,0,0,0,1,0,0,0,0,0,0,0,0,0,0,2,2,0.00,0.00,0.00,0.00,1.00,0.00,0.00,2,255,1.00,0.00,0.50,0.04,0.00,0.00,0.00,0.00
107,0,tcp,http,SF,223,384,0,0,0,0,0,1,0,0,0,0,0,0,0,0,0,0,5,5,0.00,0.00,0.00,0.00,1.00,0.00,0.00,5,255,1.00,0.00,0.20,0.04,0.00,0.00,0.00,0.00
108,0,tcp,http,SF,232,1302,0,0,0,0,0,1,0,0,0,0,0,0,0,0,0,0,4,4,0.00,0.00,0.00,0.00,1.00,0.00,0.00,4,255,1.00,0.00,0.25,0.05,0.00,0.00,0.00,0.00
109,0,tcp,http,SF,220,8970,0,0,0,0,0,1,0,0,0,0,0,0,0,0,0,0,14,14,0.00,0.00,0.00,0.00,1.00,0.00,0.00,14,255,1.00,0.00,0.07,0.05,0.00,0.00,0.00,0.00
110,0,tcp,http,SF,228,2917,0,0,0,0,0,1,0,0,0,0,0,0,0,0,0,0,10,29,0.00,0.00,0.00,0.00,1.00,0.00,0.07,24,255,1.00,0.00,0.04,0.05,0.00,0.00,0.00,0.00
111,0,tcp,http,SF,232,1302,0,0,0,0,0,1,0,0,0,0,0,0,0,0,0,0,4,4,0.00,0.00,0.00,0.00,1.00,0.00,0.00,34,255,1.00,0.00,0.03,0.05,0.00,0.00,0.00,0.00
112,0,tcp,http,SF,229,4966,0,0,0,0,0,1,0,0,0,0,0,0,0,0,0,0,14,14,0.00,0.00,0.00,0.00,1.00,0.00,0.00,44,255,1.00,0.00,0.02,0.05,0.00,0.00,0.00,0.00
113,0,tcp,http,SF,204,8970,0,0,0,0,0,1,0,0,0,0,0,0,0,0,0,0,10,10,0.00,0.00,0.00,0.00,1.00,0.00,0.00,54,255,1.00,0.00,0.02,0.05,0.00,0.00,0.00,0.00
114,0,tcp,http,SF,212,4433,0,0,0,0,0,1,0,0,0,0,0,0,0,0,0,0,6,6,0.00,0.00,0.00,0.00,1.00,0.00,0.00,64,255,1.00,0.00,0.02,0.05,0.00,0.00,0.00,0.00
115,0,tcp,http,SF,224,1302,0,0,0,0,0,1,0,0,0,0,0,0,0,0,0,0,2,2,0.00,0.00,0.00,0.00,1.00,0.00,0.00,74,255,1.00,0.00,0.01,0.05,0.00,0.00,0.00,0.00
116,0,tcp,http,SF,215,1869,0,0,0,0,0,1,0,0,0,0,0,0,0,0,0,0,10,14,0.00,0.00,0.00,0.00,1.00,0.00,0.14,84,255,1.00,0.00,0.01,0.05,0.00,0.00,0.00,0.00
117,0,tcp,http,SF,267,14496,0,0,0,0,0,1,0,0,0,0,0,0,0,0,0,0,3,8,0.00,0.00,0.00,0.00,1.00,0.00,0.25,3,255,1.00,0.00,0.33,0.06,0.00,0.00,0.00,0.00
118,0,tcp,http,SF,284,43129,0,0,0,0,0,1,0,0,0,0,0,0,0,0,0,0,3,3,0.00,0.00,0.00,0.00,1.00,0.00,0.00,13,255,1.00,0.00,0.08,0.06,0.00,0.00,0.00,0.00
119,0,tcp,http,SF,307,3727,0,0,0,0,0,1,0,0,0,0,0,0,0,0,0,0,6,6,0.00,0.00,0.00,0.00,1.00,0.00,0.00,23,255,1.00,0.00,0.04,0.06,0.00,0.00,0.00,0.00
120,0,tcp,http,SF,212,43129,0,0,0,0,0,1,0,0,0,0,0,0,0,0,0,0,2,2,0.00,0.00,0.00,0.00,1.00,0.00,0.00,33,255,1.00,0.00,0.03,0.05,0.00,0.00,0.00,0.00
121,0,tcp,http,SF,267,9317,0,0,0,0,0,1,0,0,0,0,0,0,0,0,0,0,2,2,0.00,0.00,0.00,0.00,1.00,0.00,0.00,43,255,1.00,0.00,0.02,0.05,0.00,0.00,0.00,0.00
122,0,tcp,http,SF,156,4027,0,0,0,0,0,1,0,0,0,0,0,0,0,0,0,0,3,17,0.00,0.00,0.00,0.00,1.00,0.00,0.12,53,255,1.00,0.00,0.02,0.05,0.00,0.00,0.00,0.00
123,0,tcp,http,SF,218,437,0,0,0,0,0,1,0,0,0,0,0,0,0,0,0,0,6,6,0.00,0.00,0.00,0.00,1.00,0.00,0.00,63,255,1.00,0.00,0.02,0.04,0.00,0.00,0.00,0.00
124,0,tcp,http,SF,298,9442,0,0,0,0,0,1,0,0,0,0,0,0,0,0,0,0,4,4,0.00,0.00,0.00,0.00,1.00,0.00,0.00,73,255,1.00,0.00,0.01,0.04,0.00,0.00,0.00,0.00
125,0,tcp,http,SF,257,4027,0,0,0,0,0,1,0,0,0,0,0,0,0,0,0,0,7,7,0.00,0.00,0.00,0.00,1.00,0.00,0.00,83,255,1.00,0.00,0.01,0.04,0.00,0.00,0.00,0.00
126,0,tcp,http,SF,141,4027,0,0,0,0,0,1,0,0,0,0,0,0,0,0,0,0,1,1,0.00,0.00,0.00,0.00,1.00,0.00,0.00,93,255,1.00,0.00,0.01,0.04,0.00,0.00,0.00,0.00
127,0,tcp,http,SF,213,261,0,0,0,0,0,1,0,0,0,0,0,0,0,0,0,0,1,1,0.00,0.00,0.00,0.00,1.00,0.00,0.00,103,255,1.00,0.00,0.01,0.04,0.00,0.00,0.00,0.00
128,0,tcp,http,SF,284,43129,0,0,0,0,0,1,0,0,0,0,0,0,0,0,0,0,4,4,0.00,0.00,0.00,0.00,1.00,0.00,0.00,113,255,1.00,0.00,0.01,0.04,0.00,0.00,0.00,0.00
129,0,tcp,http,SF,183,8654,0,0,0,0,0,1,0,0,0,0,0,0,0,0,0,0,4,4,0.25,0.25,0.00,0.00,1.00,0.00,0.00,123,255,1.00,0.00,0.01,0.04,0.01,0.00,0.00,0.00
130,0,tcp,http,SF,191,3727,0,0,0,0,0,1,0,0,0,0,0,0,0,0,0,0,1,1,0.00,0.00,0.00,0.00,1.00,0.00,0.00,133,255,1.00,0.00,0.01,0.03,0.01,0.00,0.00,0.00
131,0,tcp,http,SF,183,8654,0,0,0,0,0,1,0,0,0,0,0,0,0,0,0,0,4,4,0.00,0.00,0.00,0.00,1.00,0.00,0.00,143,255,1.00,0.00,0.01,0.03,0.01,0.00,0.00,0.00
132,0,tcp,http,SF,207,6192,0,0,0,0,0,1,0,0,0,0,0,0,0,0,0,0,7,7,0.00,0.00,0.00,0.00,1.00,0.00,0.00,7,255,1.00,0.00,0.14,0.02,0.00,0.00,0.00,0.00
133,0,tcp,http,SF,234,18000,0,0,0,0,0,1,0,0,0,0,0,0,0,0,0,0,3,3,0.00,0.00,0.00,0.00,1.00,0.00,0.00,17,255,1.00,0.00,0.06,0.02,0.00,0.00,0.00,0.00
134,0,tcp,http,SF,297,5246,0,0,0,0,0,1,0,0,0,0,0,0,0,0,0,0,2,2,0.00,0.00,0.00,0.00,1.00,0.00,0.00,27,255,1.00,0.00,0.04,0.02,0.00,0.00,0.00,0.00
135,0,tcp,http,SF,230,3512,0,0,0,0,0,1,0,0,0,0,0,0,0,0,0,0,3,3,0.00,0.00,0.00,0.00,1.00,0.00,0.00,3,255,1.00,0.00,0.33,0.02,0.00,0.00,0.00,0.00
136,0,tcp,http,SF,288,1105,0,0,0,0,0,1,0,0,0,0,0,0,0,0,0,0,1,1,0.00,0.00,0.00,0.00,1.00,0.00,0.00,13,255,1.00,0.00,0.08,0.02,0.00,0.00,0.00,0.00
137,0,tcp,http,SF,317,6333,0,0,0,0,0,1,0,0,0,0,0,0,0,0,0,0,8,8,0.00,0.00,0.00,0.00,1.00,0.00,0.00,23,255,1.00,0.00,0.04,0.02,0.00,0.00,0.00,0.00
138,0,tcp,http,SF,342,11368,0,0,0,0,0,1,0,0,0,0,0,0,0,0,0,0,3,3,0.00,0.00,0.00,0.00,1.00,0.00,0.00,3,255,1.00,0.00,0.33,0.02,0.00,0.00,0.00,0.00
139,0,tcp,http,SF,342,5401,0,0,0,0,0,1,0,0,0,0,0,0,0,0,0,0,13,13,0.00,0.00,0.00,0.00,1.00,0.00,0.00,13,255,1.00,0.00,0.08,0.02,0.00,0.00,0.00,0.00
140,0,tcp,http,SF,339,10250,0,0,0,0,0,1,0,0,0,0,0,0,0,0,0,0,23,23,0.00,0.00,0.00,0.00,1.00,0.00,0.00,23,255,1.00,0.00,0.04,0.02,0.00,0.00,0.00,0.00
141,0,tcp,http,SF,284,2810,0,0,0,0,0,1,0,0,0,0,0,0,0,0,0,0,1,1,0.00,0.00,0.00,0.00,1.00,0.00,0.00,1,255,1.00,0.00,1.00,0.04,0.00,0.00,0.00,0.00
142,0,tcp,http,SF,208,471,0,0,0,0,0,1,0,0,0,0,0,0,0,0,0,0,8,8,0.00,0.00,0.00,0.00,1.00,0.00,0.00,8,255,1.00,0.00,0.12,0.04,0.00,0.00,0.00,0.00
143,0,tcp,http,SF,198,471,0,0,0,0,0,1,0,0,0,0,0,0,0,0,0,0,3,6,0.00,0.00,0.00,0.00,1.00,0.00,0.33,18,255,1.00,0.00,0.06,0.03,0.00,0.00,0.00,0.00
144,0,tcp,http,SF,208,15642,0,0,0,0,0,1,0,0,0,0,0,0,0,0,0,0,5,5,0.00,0.00,0.00,0.00,1.00,0.00,0.00,5,255,1.00,0.00,0.20,0.04,0.00,0.00,0.00,0.00
145,0,tcp,http,SF,226,74301,0,0,0,0,0,1,0,0,0,0,0,0,0,0,0,0,4,4,0.00,0.00,0.00,0.00,1.00,0.00,0.00,15,255,1.00,0.00,0.07,0.04,0.00,0.00,0.00,0.00
146,0,tcp,http,SF,284,2081,0,0,0,0,0,1,0,0,0,0,0,0,0,0,0,0,5,5,0.00,0.00,0.00,0.00,1.00,0.00,0.00,25,255,1.00,0.00,0.04,0.04,0.00,0.00,0.00,0.00
147,0,tcp,http,SF,212,6107,0,0,0,0,0,1,0,0,0,0,0,0,0,0,0,0,7,7,0.00,0.00,0.00,0.00,1.00,0.00,0.00,35,255,1.00,0.00,0.03,0.04,0.00,0.00,0.00,0.00
148,0,tcp,http,SF,198,2081,0,0,0,0,0,1,0,0,0,0,0,0,0,0,0,0,7,7,0.00,0.00,0.00,0.00,1.00,0.00,0.00,45,255,1.00,0.00,0.02,0.04,0.00,0.00,0.00,0.00
149,0,tcp,http,SF,319,5036,0,0,0,0,0,1,0,0,0,0,0,0,0,0,0,0,1,1,0.00,0.00,0.00,0.00,1.00,0.00,0.00,1,255,1.00,0.00,1.00,0.04,0.00,0.01,0.00,0.00
150,0,tcp,http,SF,285,25519,0,0,0,0,0,1,0,0,0,0,0,0,0,0,0,0,4,4,0.00,0.00,0.00,0.00,1.00,0.00,0.00,4,255,1.00,0.00,0.25,0.04,0.00,0.01,0.00,0.00
151,0,tcp,http,SF,324,1875,0,0,0,0,0,1,0,0,0,0,0,0,0,0,0,0,2,2,0.00,0.00,0.00,0.00,1.00,0.00,0.00,14,255,1.00,0.00,0.07,0.04,0.00,0.01,0.00,0.00
152,0,tcp,http,SF,322,1721,0,0,0,0,0,1,0,0,0,0,0,0,0,0,0,0,12,12,0.00,0.00,0.00,0.00,1.00,0.00,0.00,24,255,1.00,0.00,0.04,0.04,0.00,0.01,0.00,0.00
153,0,tcp,http,SF,162,3253,0,0,0,0,0,1,0,0,0,0,0,0,0,0,0,0,1,1,0.00,0.00,0.00,0.00,1.00,0.00,0.00,34,255,1.00,0.00,0.03,0.04,0.00,0.01,0.00,0.00
154,0,tcp,http,SF,233,1645,0,0,0,0,0,1,0,0,0,0,0,0,0,0,0,0,7,7,0.00,0.00,0.00,0.00,1.00,0.00,0.00,44,255,1.00,0.00,0.02,0.04,0.00,0.01,0.00,0.00
155,0,tcp,http,SF,228,3798,0,0,0,0,0,1,0,0,0,0,0,0,0,0,0,0,2,2,0.00,0.00,0.00,0.00,1.00,0.00,0.00,54,255,1.00,0.00,0.02,0.04,0.00,0.00,0.00,0.00
156,0,tcp,http,SF,233,1694,0,0,0,0,0,1,0,0,0,0,0,0,0,0,0,0,12,12,0.00,0.00,0.00,0.00,1.00,0.00,0.00,64,255,1.00,0.00,0.02,0.04,0.00,0.00,0.00,0.00
157,0,tcp,http,SF,306,1721,0,0,0,0,0,1,0,0,0,0,0,0,0,0,0,0,5,5,0.00,0.00,0.00,0.00,1.00,0.00,0.00,74,255,1.00,0.00,0.01,0.04,0.00,0.00,0.00,0.00
158,0,tcp,http,SF,285,25519,0,0,0,0,0,1,0,0,0,0,0,0,0,0,0,0,2,2,0.00,0.00,0.00,0.00,1.00,0.00,0.00,84,255,1.00,0.00,0.01,0.04,0.00,0.00,0.00,0.00
159,0,tcp,http,SF,309,909,0,0,0,0,0,1,0,0,0,0,0,0,0,0,0,0,8,8,0.00,0.00,0.00,0.00,1.00,0.00,0.00,94,255,1.00,0.00,0.01,0.04,0.00,0.00,0.00,0.00
160,0,tcp,http,SF,297,1645,0,0,0,0,0,1,0,0,0,0,0,0,0,0,0,0,3,3,0.00,0.00,0.00,0.00,1.00,0.00,0.00,104,255,1.00,0.00,0.01,0.04,0.00,0.00,0.00,0.00
161,0,tcp,http,SF,295,1680,0,0,0,0,0,1,0,0,0,0,0,0,0,0,0,0,13,13,0.00,0.00,0.00,0.00,1.00,0.00,0.00,114,255,1.00,0.00,0.01,0.04,0.00,0.00,0.00,0.00
162,0,tcp,http,SF,253,1680,0,0,0,0,0,1,0,0,0,0,0,0,0,0,0,0,2,5,0.00,0.00,0.00,0.00,1.00,0.00,0.40,124,255,1.00,0.00,0.01,0.04,0.00,0.00,0.00,0.00
163,0,tcp,http,SF,257,1695,0,0,0,0,0,1,0,0,0,0,0,0,0,0,0,0,12,15,0.00,0.00,0.00,0.00,1.00,0.00,0.13,134,255,1.00,0.00,0.01,0.04,0.00,0.00,0.00,0.00
164,0,tcp,http,SF,229,1484,0,0,0,0,0,1,0,0,0,0,0,0,0,0,0,0,1,1,0.00,0.00,0.00,0.00,1.00,0.00,0.00,144,255,1.00,0.00,0.01,0.03,0.00,0.00,0.00,0.00
165,0,tcp,http,SF,234,1713,0,0,0,0,0,1,0,0,0,0,0,0,0,0,0,0,11,11,0.00,0.00,0.00,0.00,1.00,0.00,0.00,154,255,1.00,0.00,0.01,0.03,0.00,0.00,0.00,0.00
166,0,tcp,http,SF,219,1651,0,0,0,0,0,1,0,0,0,0,0,0,0,0,0,0,4,6,0.00,0.00,0.00,0.00,1.00,0.00,0.33,164,255,1.00,0.00,0.01,0.03,0.00,0.00,0.00,0.00
167,0,tcp,http,SF,212,24572,0,0,0,0,0,1,0,0,0,0,0,0,0,0,0,0,1,1,0.00,0.00,0.00,0.00,1.00,0.00,0.00,174,255,1.00,0.00,0.01,0.02,0.00,0.00,0.00,0.00
168,0,tcp,http,SF,236,1680,0,0,0,0,0,1,0,0,0,0,0,0,0,0,0,0,3,3,0.00,0.00,0.00,0.00,1.00,0.00,0.00,184,255,1.00,0.00,0.01,0.02,0.00,0.00,0.00,0.00
169,0,tcp,http,SF,234,1651,0,0,0,0,0,1,0,0,0,0,0,0,0,0,0,0,13,13,0.00,0.00,0.00,0.00,1.00,0.00,0.00,194,255,1.00,0.00,0.01,0.01,0.00,0.00,0.00,0.00
170,0,tcp,http,SF,223,1719,0,0,0,0,0,1,0,0,0,0,0,0,0,0,0,0,10,10,0.00,0.00,0.00,0.00,1.00,0.00,0.00,204,255,1.00,0.00,0.00,0.01,0.00,0.00,0.00,0.00
171,0,tcp,http,SF,232,1721,0,0,0,0,0,1,0,0,0,0,0,0,0,0,0,0,7,7,0.00,0.00,0.00,0.00,1.00,0.00,0.00,214,255,1.00,0.00,0.00,0.01,0.00,0.00,0.00,0.00
172,0,tcp,http,SF,247,1680,0,0,0,0,0,1,0,0,0,0,0,0,0,0,0,0,2,2,0.00,0.00,0.00,0.00,1.00,0.00,0.00,224,255,1.00,0.00,0.00,0.01,0.00,0.00,0.00,0.00
173,0,tcp,http,SF,246,1694,0,0,0,0,0,1,0,0,0,0,0,0,0,0,0,0,12,12,0.00,0.00,0.00,0.00,1.00,0.00,0.00,234,255,1.00,0.00,0.00,0.01,0.00,0.00,0.00,0.00
174,0,tcp,http,SF,259,1108,0,0,0,0,0,1,0,0,0,0,0,0,0,0,0,0,9,9,0.00,0.00,0.00,0.00,1.00,0.00,0.00,244,255,1.00,0.00,0.00,0.01,0.00,0.00,0.00,0.00
175,0,tcp,http,SF,163,3253,0,0,0,0,0,1,0,0,0,0,0,0,0,0,0,0,1,1,0.00,0.00,0.00,0.00,1.00,0.00,0.00,254,255,1.00,0.00,0.00,0.01,0.00,0.00,0.00,0.00
176,0,tcp,http,SF,231,1718,0,0,0,0,0,1,0,0,0,0,0,0,0,0,0,0,7,7,0.00,0.00,0.00,0.00,1.00,0.00,0.00,255,255,1.00,0.00,0.00,0.00,0.00,0.00,0.00,0.00
177,0,tcp,http,SF,212,24572,0,0,0,0,0,1,0,0,0,0,0,0,0,0,0,0,2,2,0.00,0.00,0.00,0.00,1.00,0.00,0.00,255,255,1.00,0.00,0.00,0.00,0.00,0.00,0.00,0.00
178,0,tcp,http,SF,247,1719,0,0,0,0,0,1,0,0,0,0,0,0,0,0,0,0,8,8,0.00,0.00,0.00,0.00,1.00,0.00,0.00,255,255,1.00,0.00,0.00,0.00,0.00,0.00,0.00,0.00
179,0,tcp,http,SF,334,1718,0,0,0,0,0,1,0,0,0,0,0,0,0,0,0,0,1,1,0.00,0.00,0.00,0.00,1.00,0.00,0.00,255,255,1.00,0.00,0.00,0.00,0.00,0.00,0.00,0.00
180,0,tcp,http,SF,335,1680,0,0,0,0,0,1,0,0,0,0,0,0,0,0,0,0,11,11,0.00,0.00,0.00,0.00,1.00,0.00,0.00,255,255,1.00,0.00,0.00,0.00,0.00,0.00,0.00,0.00
181,0,tcp,http,SF,277,4183,0,0,0,0,0,1,0,0,0,0,0,0,0,0,0,0,4,4,0.00,0.00,0.00,0.00,1.00,0.00,0.00,255,255,1.00,0.00,0.00,0.00,0.00,0.00,0.00,0.00
182,0,tcp,http,SF,331,1694,0,0,0,0,0,1,0,0,0,0,0,0,0,0,0,0,14,14,0.00,0.00,0.00,0.00,1.00,0.00,0.00,255,255,1.00,0.00,0.00,0.00,0.00,0.00,0.00,0.00
183,0,tcp,http,SF,323,1680,0,0,0,0,0,1,0,0,0,0,0,0,0,0,0,0,9,9,0.00,0.00,0.00,0.00,1.00,0.00,0.00,255,255,1.00,0.00,0.00,0.00,0.00,0.00,0.00,0.00
184,0,tcp,http,SF,212,25519,0,0,0,0,0,1,0,0,0,0,0,0,0,0,0,0,2,2,0.00,0.00,0.00,0.00,1.00,0.00,0.00,255,255,1.00,0.00,0.00,0.00,0.00,0.00,0.00,0.00
185,0,tcp,http,SF,297,1695,0,0,0,0,0,1,0,0,0,0,0,0,0,0,0,0,8,8,0.00,0.00,0.00,0.00,1.00,0.00,0.00,255,255,1.00,0.00,0.00,0.00,0.00,0.00,0.00,0.00
186,0,tcp,http,SF,287,4479,0,0,0,0,0,1,0,0,0,0,0,0,0,0,0,0,1,1,0.00,0.00,0.00,0.00,1.00,0.00,0.00,255,255,1.00,0.00,0.00,0.00,0.00,0.00,0.00,0.00
187,0,tcp,http,SF,300,1651,0,0,0,0,0,1,0,0,0,0,0,0,0,0,0,0,11,11,0.00,0.00,0.00,0.00,1.00,0.00,0.00,255,255,1.00,0.00,0.00,0.00,0.00,0.00,0.00,0.00
188,0,tcp,http,SF,292,1719,0,0,0,0,0,1,0,0,0,0,0,0,0,0,0,0,8,8,0.00,0.00,0.00,0.00,1.00,0.00,0.00,255,255,1.00,0.00,0.00,0.00,0.00,0.00,0.00,0.00
189,0,tcp,http,SF,318,1680,0,0,0,0,0,1,0,0,0,0,0,0,0,0,0,0,5,18,0.00,0.00,0.00,0.00,1.00,0.00,0.11,255,255,1.00,0.00,0.00,0.00,0.00,0.00,0.00,0.00
190,0,tcp,http,SF,211,24572,0,0,0,0,0,1,0,0,0,0,0,0,0,0,0,0,2,2,0.00,0.00,0.00,0.00,1.00,0.00,0.00,255,255,1.00,0.00,0.00,0.00,0.00,0.00,0.00,0.00
191,0,tcp,http,SF,233,1719,0,0,0,0,0,1,0,0,0,0,0,0,0,0,0,0,8,8,0.00,0.00,0.00,0.00,1.00,0.00,0.00,255,255,1.00,0.00,0.00,0.00,0.00,0.00,0.00,0.00
192,0,tcp,http,SF,222,1651,0,0,0,0,0,1,0,0,0,0,0,0,0,0,0,0,1,1,0.00,0.00,0.00,0.00,1.00,0.00,0.00,255,255,1.00,0.00,0.00,0.00,0.00,0.00,0.00,0.00
193,0,tcp,http,SF,218,1484,0,0,0,0,0,1,0,0,0,0,0,0,0,0,0,0,11,11,0.00,0.00,0.00,0.00,1.00,0.00,0.00,255,255,1.00,0.00,0.00,0.00,0.00,0.00,0.00,0.00
194,0,tcp,http,SF,235,1718,0,0,0,0,0,1,0,0,0,0,0,0,0,0,0,0,8,27,0.00,0.00,0.00,0.00,1.00,0.00,0.07,255,255,1.00,0.00,0.00,0.00,0.00,0.00,0.00,0.00
195,0,tcp,http,SF,232,1719,0,0,0,0,0,1,0,0,0,0,0,0,0,0,0,0,5,5,0.00,0.00,0.00,0.00,1.00,0.00,0.00,255,255,1.00,0.00,0.00,0.00,0.00,0.00,0.00,0.00
196,0,tcp,http,SF,232,1721,0,0,0,0,0,1,0,0,0,0,0,0,0,0,0,0,15,15,0.00,0.00,0.00,0.00,1.00,0.00,0.00,255,255,1.00,0.00,0.00,0.00,0.00,0.00,0.00,0.00
197,0,tcp,http,SF,246,1718,0,0,0,0,0,1,0,0,0,0,0,0,0,0,0,0,10,12,0.00,0.00,0.00,0.00,1.00,0.00,0.25,255,255,1.00,0.00,0.00,0.00,0.00,0.00,0.00,0.00
198,0,tcp,http,SF,218,1484,0,0,0,0,0,1,0,0,0,0,0,0,0,0,0,0,7,7,0.00,0.00,0.00,0.00,1.00,0.00,0.00,255,255,1.00,0.00,0.00,0.00,0.00,0.00,0.00,0.00
199,0,tcp,http,SF,222,1651,0,0,0,0,0,1,0,0,0,0,0,0,0,0,0,0,4,4,0.00,0.00,0.00,0.00,1.00,0.00,0.00,255,255,1.00,0.00,0.00,0.00,0.00,0.00,0.00,0.00
200,0,tcp,http,SF,215,1108,0,0,0,0,0,1,0,0,0,0,0,0,0,0,0,0,1,1,0.00,0.00,0.00,0.00,1.00,0.00,0.00,255,255,1.00,0.00,0.00,0.00,0.00,0.00,0.00,0.00
201,0,tcp,http,SF,216,1645,0,0,0,0,0,1,0,0,0,0,0,0,0,0,0,0,3,8,0.00,0.00,0.00,0.00,1.00,0.00,0.50,255,255,1.00,0.00,0.00,0.00,0.00,0.00,0.00,0.00
202,0,tcp,http,SF,213,1694,0,0,0,0,0,1,0,0,0,0,0,0,0,0,0,0,13,18,0.00,0.00,0.00,0.00,1.00,0.00,0.22,255,255,1.00,0.00,0.00,0.00,0.00,0.00,0.00,0.00
203,0,tcp,http,SF,243,1719,0,0,0,0,0,1,0,0,0,0,0,0,0,0,0,0,6,24,0.00,0.00,0.00,0.00,1.00,0.00,0.08,255,255,1.00,0.00,0.00,0.00,0.00,0.00,0.00,0.00
204,0,tcp,http,SF,147,3253,0,0,0,0,0,1,0,0,0,0,0,0,0,0,0,0,3,3,0.00,0.00,0.00,0.00,1.00,0.00,0.00,255,255,1.00,0.00,0.00,0.00,0.00,0.00,0.00,0.00
205,0,tcp,http,SF,182,4023,0,0,0,0,0,1,0,0,0,0,0,0,0,0,0,0,9,9,0.00,0.00,0.00,0.00,1.00,0.00,0.00,255,255,1.00,0.00,0.00,0.00,0.00,0.00,0.00,0.00
206,0,tcp,http,SF,195,24572,0,0,0,0,0,1,0,0,0,0,0,0,0,0,0,0,2,2,0.00,0.00,0.00,0.00,1.00,0.00,0.00,255,255,1.00,0.00,0.00,0.00,0.00,0.00,0.00,0.00
207,0,tcp,smtp,SF,3366,329,0,0,0,0,0,1,0,0,0,0,0,0,0,0,0,0,1,1,0.00,0.00,0.00,0.00,1.00,0.00,0.00,8,7,0.88,0.25,0.12,0.00,0.00,0.00,0.00,0.00
208,0,tcp,smtp,SF,1666,328,0,0,0,0,0,1,0,0,0,0,0,0,0,0,0,0,1,1,0.00,0.00,0.00,0.00,1.00,0.00,0.00,18,12,0.67,0.17,0.06,0.00,0.00,0.00,0.00,0.00
209,0,tcp,smtp,SF,751,279,0,0,0,0,0,1,0,0,0,0,0,0,0,0,0,0,1,1,0.00,0.00,0.00,0.00,1.00,0.00,0.00,28,19,0.68,0.14,0.04,0.00,0.00,0.00,0.00,0.00
210,0,tcp,finger,SF,9,140,0,0,0,0,0,0,0,0,0,0,0,0,0,0,0,0,1,1,0.00,0.00,0.00,0.00,1.00,0.00,0.00,38,5,0.13,0.11,0.03,0.00,0.00,0.00,0.00,0.00
211,0,tcp,smtp,SF,620,329,0,0,0,0,0,1,0,0,0,0,0,0,0,0,0,0,1,2,0.00,0.00,0.00,0.00,1.00,0.00,1.00,48,26,0.54,0.10,0.02,0.00,0.00,0.00,0.00,0.00
212,0,tcp,smtp,SF,805,327,0,0,0,0,0,1,0,0,0,0,0,0,0,0,0,0,2,2,0.00,0.00,0.00,0.00,1.00,0.00,0.00,58,35,0.60,0.09,0.02,0.00,0.00,0.00,0.00,0.00
213,0,tcp,smtp,SF,842,279,0,0,0,0,0,1,0,0,0,0,0,0,0,0,0,0,2,1,0.00,0.00,0.00,0.00,0.50,1.00,0.00,68,41,0.60,0.07,0.01,0.00,0.00,0.00,0.00,0.00
214,0,udp,domain_u,SF,33,0,0,0,0,0,0,0,0,0,0,0,0,0,0,0,0,0,1,2,0.00,0.00,0.00,0.00,1.00,0.00,1.00,78,14,0.18,0.06,0.18,0.00,0.00,0.00,0.00,0.00
215,0,udp,domain_u,SF,30,0,0,0,0,0,0,0,0,0,0,0,0,0,0,0,0,0,1,1,0.00,0.00,0.00,0.00,1.00,0.00,0.00,88,15,0.17,0.06,0.17,0.00,0.00,0.00,0.00,0.00
216,0,tcp,smtp,SF,1375,328,0,0,0,0,0,1,0,0,0,0,0,0,0,0,0,0,1,1,0.00,0.00,0.00,0.00,1.00,0.00,0.00,98,64,0.65,0.05,0.01,0.00,0.00,0.00,0.00,0.00
217,1,tcp,smtp,SF,1550,326,0,0,0,0,0,1,0,0,0,0,0,0,0,0,0,0,1,3,0.00,0.00,0.00,0.00,1.00,0.00,1.00,108,72,0.67,0.05,0.01,0.00,0.00,0.00,0.00,0.00
218,0,udp,domain_u,SF,30,0,0,0,0,0,0,0,0,0,0,0,0,0,0,0,0,0,1,4,0.00,0.00,0.00,0.00,1.00,0.00,0.75,118,21,0.18,0.04,0.18,0.00,0.00,0.00,0.00,0.00
219,0,tcp,smtp,SF,1254,323,0,0,0,0,0,1,0,0,0,0,0,0,0,0,0,0,1,1,0.00,0.00,0.00,0.00,1.00,0.00,0.00,5,82,0.80,0.40,0.20,0.02,0.00,0.00,0.00,0.00
220,0,udp,domain_u,SF,31,0,0,0,0,0,0,0,0,0,0,0,0,0,0,0,0,0,1,2,0.00,0.00,0.00,0.00,1.00,0.00,1.00,15,26,0.27,0.20,0.27,0.08,0.00,0.00,0.00,0.00
221,0,tcp,smtp,SF,2753,280,0,0,0,0,0,1,0,0,0,0,0,0,0,0,0,0,1,1,0.00,0.00,0.00,0.00,1.00,0.00,0.00,25,95,0.68,0.16,0.04,0.02,0.00,0.00,0.00,0.00
222,0,tcp,auth,SF,9,35,0,0,0,0,0,1,0,0,0,0,0,0,0,0,0,0,3,1,0.00,0.00,0.00,0.00,0.33,0.67,0.00,35,12,0.11,0.11,0.03,0.17,0.00,0.00,0.00,0.00
223,0,tcp,smtp,SF,1504,328,0,0,0,0,0,1,0,0,0,0,0,0,0,0,0,0,1,1,0.00,0.00,0.00,0.00,1.00,0.00,0.00,45,104,0.58,0.11,0.02,0.02,0.00,0.00,0.00,0.00
224,0,tcp,smtp,SF,523,277,0,0,0,0,0,1,0,0,0,0,0,0,0,0,0,0,1,1,0.00,0.00,0.00,0.00,1.00,0.00,0.00,55,108,0.55,0.09,0.02,0.02,0.00,0.00,0.00,0.00
225,0,udp,domain_u,SF,33,0,0,0,0,0,0,0,0,0,0,0,0,0,0,0,0,0,1,2,0.00,0.00,0.00,0.00,1.00,0.00,1.00,65,35,0.20,0.08,0.20,0.06,0.00,0.00,0.00,0.00
226,0,tcp,smtp,SF,683,330,0,0,0,0,0,1,0,0,0,0,0,0,0,0,0,0,1,1,0.00,0.00,0.00,0.00,1.00,0.00,0.00,75,118,0.53,0.07,0.01,0.02,0.00,0.00,0.00,0.00
227,0,udp,domain_u,SF,31,0,0,0,0,0,0,0,0,0,0,0,0,0,0,0,0,0,1,4,0.00,0.00,0.00,0.00,1.00,0.00,0.75,85,41,0.22,0.06,0.22,0.05,0.00,0.00,0.00,0.00
228,0,tcp,auth,SF,9,37,0,0,0,0,0,1,0,0,0,0,0,0,0,0,0,0,2,1,0.00,0.00,0.00,0.00,0.50,1.00,0.00,95,17,0.09,0.05,0.01,0.12,0.00,0.00,0.00,0.00
229,0,tcp,http,SF,223,1415,0,0,0,0,0,1,0,0,0,0,0,0,0,0,0,0,6,6,0.00,0.00,0.00,0.00,1.00,0.00,0.00,6,33,1.00,0.00,0.17,0.06,0.00,0.00,0.00,0.00
230,0,tcp,http,SF,287,12884,0,0,0,0,0,1,0,0,0,0,0,0,0,0,0,0,5,9,0.00,0.00,0.00,0.00,1.00,0.00,0.33,16,33,1.00,0.00,0.06,0.06,0.00,0.00,0.00,0.00
231,0,tcp,http,SF,161,13187,0,0,0,0,0,1,0,0,0,0,0,0,0,0,0,0,1,13,0.00,0.00,0.00,0.00,1.00,0.00,0.15,26,33,1.00,0.00,0.04,0.06,0.00,0.00,0.00,0.00
232,0,tcp,http,SF,224,12884,0,0,0,0,0,1,0,0,0,0,0,0,0,0,0,0,11,23,0.00,0.00,0.00,0.00,1.00,0.00,0.09,36,36,1.00,0.00,0.03,0.00,0.00,0.00,0.00,0.00
233,0,tcp,http,SF,296,1415,0,0,0,0,0,1,0,0,0,0,0,0,0,0,0,0,2,2,0.00,0.00,0.00,0.00,1.00,0.00,0.00,46,46,1.00,0.00,0.02,0.00,0.00,0.00,0.00,0.00
234,0,tcp,http,SF,284,1227,0,0,0,0,0,1,0,0,0,0,0,0,0,0,0,0,5,5,0.00,0.00,0.00,0.00,1.00,0.00,0.00,56,56,1.00,0.00,0.02,0.00,0.00,0.00,0.00,0.00
235,0,tcp,http,SF,296,1227,0,0,0,0,0,1,0,0,0,0,0,0,0,0,0,0,8,8,0.00,0.00,0.00,0.00,1.00,0.00,0.00,66,66,1.00,0.00,0.02,0.00,0.00,0.00,0.00,0.00
236,0,tcp,http,SF,246,11889,0,0,0,0,0,1,0,0,0,0,0,0,0,0,0,0,7,7,0.00,0.00,0.00,0.00,1.00,0.00,0.00,76,76,1.00,0.00,0.01,0.00,0.00,0.00,0.00,0.00
237,0,tcp,http,SF,216,2531,0,0,0,0,0,1,0,0,0,0,0,0,0,0,0,0,2,2,0.00,0.00,0.00,0.00,1.00,0.00,0.00,86,86,1.00,0.00,0.01,0.00,0.00,0.00,0.00,0.00
238,0,tcp,http,SF,216,12884,0,0,0,0,0,1,0,0,0,0,0,0,0,0,0,0,11,11,0.00,0.00,0.00,0.00,1.00,0.00,0.00,96,96,1.00,0.00,0.01,0.00,0.00,0.00,0.00,0.00
239,0,tcp,http,SF,325,2531,0,0,0,0,0,1,0,0,0,0,0,0,0,0,0,0,10,14,0.00,0.00,0.00,0.00,1.00,0.00,0.14,106,106,1.00,0.00,0.01,0.00,0.00,0.00,0.00,0.00
240,0,tcp,http,SF,274,11889,0,0,0,0,0,1,0,0,0,0,0,0,0,0,0,0,8,10,0.00,0.00,0.00,0.00,1.00,0.00,0.20,116,116,1.00,0.00,0.01,0.00,0.00,0.00,0.00,0.00
241,0,tcp,http,SF,155,4145,0,0,0,0,0,1,0,0,0,0,0,0,0,0,0,0,7,42,0.00,0.00,0.00,0.00,1.00,0.00,0.07,126,126,1.00,0.00,0.01,0.00,0.00,0.00,0.00,0.00
242,0,tcp,http,SF,173,11889,0,0,0,0,0,1,0,0,0,0,0,0,0,0,0,0,6,6,0.00,0.00,0.00,0.00,1.00,0.00,0.00,136,136,1.00,0.00,0.01,0.00,0.00,0.00,0.00,0.00
243,0,tcp,http,SF,244,11889,0,0,0,0,0,1,0,0,0,0,0,0,0,0,0,0,5,14,0.00,0.00,0.00,0.00,1.00,0.00,0.21,146,146,1.00,0.00,0.01,0.00,0.00,0.00,0.00,0.00
244,0,tcp,http,SF,214,12884,0,0,0,0,0,1,0,0,0,0,0,0,0,0,0,0,2,2,0.00,0.00,0.00,0.00,1.00,0.00,0.00,156,156,1.00,0.00,0.01,0.00,0.00,0.00,0.00,0.00
245,0,tcp,http,SF,224,2531,0,0,0,0,0,1,0,0,0,0,0,0,0,0,0,0,2,3,0.00,0.00,0.00,0.00,1.00,0.00,0.67,166,166,1.00,0.00,0.01,0.00,0.00,0.00,0.00,0.00
246,0,tcp,http,SF,325,12884,0,0,0,0,0,1,0,0,0,0,0,0,0,0,0,0,9,9,0.00,0.00,0.00,0.00,1.00,0.00,0.00,176,176,1.00,0.00,0.01,0.00,0.00,0.00,0.00,0.00
247,0,tcp,http,SF,272,4145,0,0,0,0,0,1,0,0,0,0,0,0,0,0,0,0,6,6,0.00,0.00,0.00,0.00,1.00,0.00,0.00,186,186,1.00,0.00,0.01,0.00,0.00,0.00,0.00,0.00
248,0,tcp,http,SF,286,1415,0,0,0,0,0,1,0,0,0,0,0,0,0,0,0,0,5,5,0.00,0.00,0.00,0.00,1.00,0.00,0.00,196,196,1.00,0.00,0.01,0.00,0.00,0.00,0.00,0.00
249,0,tcp,http,SF,273,3711,0,0,0,0,0,1,0,0,0,0,0,0,0,0,0,0,1,1,0.00,0.00,0.00,0.00,1.00,0.00,0.00,206,206,1.00,0.00,0.00,0.00,0.00,0.00,0.00,0.00
250,0,tcp,http,SF,212,2531,0,0,0,0,0,1,0,0,0,0,0,0,0,0,0,0,10,10,0.00,0.00,0.00,0.00,1.00,0.00,0.00,216,216,1.00,0.00,0.00,0.00,0.00,0.00,0.00,0.00
251,0,tcp,http,SF,246,11889,0,0,0,0,0,1,0,0,0,0,0,0,0,0,0,0,6,6,0.00,0.00,0.00,0.00,1.00,0.00,0.00,226,226,1.00,0.00,0.00,0.00,0.00,0.00,0.00,0.00
252,0,tcp,http,SF,224,12884,0,0,0,0,0,1,0,0,0,0,0,0,0,0,0,0,5,22,0.00,0.00,0.00,0.00,1.00,0.00,0.09,236,236,1.00,0.00,0.00,0.00,0.00,0.00,0.00,0.00
253,0,tcp,http,SF,198,12884,0,0,0,0,0,1,0,0,0,0,0,0,0,0,0,0,4,4,0.00,0.00,0.00,0.00,1.00,0.00,0.00,246,246,1.00,0.00,0.00,0.00,0.00,0.00,0.00,0.00
254,0,tcp,http,SF,145,13187,0,0,0,0,0,1,0,0,0,0,0,0,0,0,0,0,1,1,0.00,0.00,0.00,0.00,1.00,0.00,0.00,255,255,1.00,0.00,0.00,0.00,0.00,0.00,0.00,0.00
255,0,tcp,http,SF,207,1415,0,0,0,0,0,1,0,0,0,0,0,0,0,0,0,0,11,11,0.00,0.00,0.00,0.00,1.00,0.00,0.00,255,255,1.00,0.00,0.00,0.00,0.00,0.00,0.00,0.00
256,0,tcp,http,SF,296,1415,0,0,0,0,0,1,0,0,0,0,0,0,0,0,0,0,10,10,0.00,0.00,0.00,0.00,1.00,0.00,0.00,255,255,1.00,0.00,0.00,0.00,0.00,0.00,0.00,0.00
257,0,tcp,http,SF,212,1227,0,0,0,0,0,1,0,0,0,0,0,0,0,0,0,0,9,9,0.00,0.00,0.00,0.00,1.00,0.00,0.00,255,255,1.00,0.00,0.00,0.00,0.00,0.00,0.00,0.00
258,0,tcp,http,SF,277,2295,0,0,0,0,0,1,0,0,0,0,0,0,0,0,0,0,1,1,0.00,0.00,0.00,0.00,1.00,0.00,0.00,255,255,1.00,0.00,0.00,0.00,0.00,0.00,0.00,0.00
259,0,tcp,http,SF,285,2531,0,0,0,0,0,1,0,0,0,0,0,0,0,0,0,0,3,3,0.00,0.00,0.00,0.00,1.00,0.00,0.00,255,255,1.00,0.00,0.00,0.00,0.00,0.00,0.00,0.00
260,0,tcp,http,SF,286,1415,0,0,0,0,0,1,0,0,0,0,0,0,0,0,0,0,4,4,0.00,0.00,0.00,0.00,1.00,0.00,0.00,255,255,1.00,0.00,0.00,0.00,0.00,0.00,0.00,0.00
261,0,tcp,http,SF,205,2295,0,0,0,0,0,1,0,0,0,0,0,0,0,0,0,0,1,1,0.00,0.00,0.00,0.00,1.00,0.00,0.00,255,255,1.00,0.00,0.00,0.00,0.00,0.00,0.00,0.00
262,0,tcp,http,SF,156,4145,0,0,0,0,0,1,0,0,0,0,0,0,0,0,0,0,10,10,0.00,0.00,0.00,0.00,1.00,0.00,0.00,255,255,1.00,0.00,0.00,0.00,0.00,0.00,0.00,0.00
263,0,tcp,http,SF,197,2531,0,0,0,0,0,1,0,0,0,0,0,0,0,0,0,0,5,5,0.00,0.00,0.00,0.00,1.00,0.00,0.00,255,255,1.00,0.00,0.00,0.00,0.00,0.00,0.00,0.00
264,0,tcp,http,SF,294,1227,0,0,0,0,0,1,0,0,0,0,0,0,0,0,0,0,4,4,0.00,0.00,0.00,0.00,1.00,0.00,0.00,255,255,1.00,0.00,0.00,0.00,0.00,0.00,0.00,0.00
265,0,tcp,http,SF,285,2345,0,0,0,0,0,1,0,0,0,0,0,0,0,0,0,0,3,3,0.00,0.00,0.00,0.00,1.00,0.00,0.00,3,255,1.00,0.00,0.33,0.01,0.00,0.00,0.00,0.00
266,0,tcp,http,SF,313,5545,0,0,0,0,0,1,0,0,0,0,0,0,0,0,0,0,2,2,0.00,0.00,0.00,0.00,1.00,0.00,0.00,13,255,1.00,0.00,0.08,0.01,0.00,0.00,0.00,0.00
267,0,tcp,http,SF,260,1984,0,0,0,0,0,1,0,0,0,0,0,0,0,0,0,0,1,1,0.00,0.00,0.00,0.00,1.00,0.00,0.00,10,255,1.00,0.00,0.10,0.01,0.00,0.00,0.00,0.00
268,0,tcp,http,SF,315,601,0,0,0,0,0,1,0,0,0,0,0,0,0,0,0,0,2,2,0.00,0.00,0.00,0.00,1.00,0.00,0.00,2,255,1.00,0.00,0.50,0.02,0.00,0.00,0.00,0.00
269,0,tcp,http,SF,321,1487,0,0,0,0,0,1,0,0,0,0,0,0,0,0,0,0,12,12,0.00,0.00,0.00,0.00,1.00,0.00,0.00,12,255,1.00,0.00,0.08,0.02,0.00,0.00,0.00,0.00
270,0,tcp,http,SF,319,556,0,0,0,0,0,1,0,0,0,0,0,0,0,0,0,0,7,7,0.00,0.00,0.00,0.00,1.00,0.00,0.00,22,255,1.00,0.00,0.05,0.02,0.00,0.00,0.00,0.00
271,0,tcp,http,SF,240,8159,0,0,0,0,0,1,0,0,0,0,0,0,0,0,0,0,2,2,0.00,0.00,0.00,0.00,1.00,0.00,0.00,2,255,1.00,0.00,0.50,0.02,0.00,0.00,0.00,0.00
272,0,tcp,http,SF,305,280,0,0,0,0,0,1,0,0,0,0,0,0,0,0,0,0,12,12,0.00,0.00,0.00,0.00,1.00,0.00,0.00,12,255,1.00,0.00,0.08,0.02,0.00,0.00,0.00,0.00
273,0,tcp,http,SF,338,1408,0,0,0,0,0,1,0,0,0,0,0,0,0,0,0,0,6,6,0.00,0.00,0.00,0.00,1.00,0.00,0.00,22,255,1.00,0.00,0.05,0.02,0.00,0.00,0.00,0.00
274,0,tcp,http,SF,349,1425,0,0,0,0,0,1,0,0,0,0,0,0,0,0,0,0,3,3,0.00,0.00,0.00,0.00,1.00,0.00,0.00,32,255,1.00,0.00,0.03,0.02,0.00,0.00,0.00,0.00
275,0,tcp,http,SF,305,280,0,0,0,0,0,1,0,0,0,0,0,0,0,0,0,0,1,1,0.00,0.00,0.00,0.00,1.00,0.00,0.00,42,255,1.00,0.00,0.02,0.02,0.00,0.00,0.00,0.00
276,0,tcp,http,SF,309,1425,0,0,0,0,0,1,0,0,0,0,0,0,0,0,0,0,11,11,0.00,0.00,0.00,0.00,1.00,0.00,0.00,52,255,1.00,0.00,0.04,0.02,0.00,0.00,0.00,0.00
277,0,tcp,http,SF,306,3211,0,0,0,0,0,1,0,0,0,0,0,0,0,0,0,0,7,7,0.00,0.00,0.00,0.00,1.00,0.00,0.00,62,255,1.00,0.00,0.02,0.02,0.00,0.00,0.00,0.00
278,0,tcp,http,SF,237,1461,0,0,0,0,0,1,0,0,0,0,0,0,0,0,0,0,8,8,0.00,0.00,0.00,0.00,1.00,0.00,0.00,72,255,1.00,0.00,0.01,0.02,0.00,0.00,0.00,0.00
279,0,tcp,http,SF,307,1109,0,0,0,0,0,1,0,0,0,0,0,0,0,0,0,0,13,13,0.00,0.00,0.00,0.00,1.00,0.00,0.00,82,255,1.00,0.00,0.01,0.02,0.00,0.00,0.00,0.00
280,0,tcp,http,SF,235,3211,0,0,0,0,0,1,0,0,0,0,0,0,0,0,0,0,9,11,0.00,0.00,0.00,0.00,1.00,0.00,0.18,92,255,1.00,0.00,0.01,0.02,0.00,0.00,0.00,0.00
281,0,tcp,http,SF,221,1408,0,0,0,0,0,1,0,0,0,0,0,0,0,0,0,0,5,7,0.00,0.00,0.00,0.00,1.00,0.00,0.29,102,255,1.00,0.00,0.01,0.02,0.00,0.00,0.00,0.00
282,0,tcp,http,SF,221,1461,0,0,0,0,0,1,0,0,0,0,0,0,0,0,0,0,1,1,0.00,0.00,0.00,0.00,1.00,0.00,0.00,112,255,1.00,0.00,0.01,0.02,0.00,0.00,0.00,0.00
283,0,tcp,http,SF,223,1423,0,0,0,0,0,1,0,0,0,0,0,0,0,0,0,0,11,11,0.00,0.00,0.00,0.00,1.00,0.00,0.00,122,255,1.00,0.00,0.01,0.02,0.00,0.00,0.00,0.00
284,0,tcp,http,SF,218,5280,0,0,0,0,0,1,0,0,0,0,0,0,0,0,0,0,7,7,0.00,0.00,0.00,0.00,1.00,0.00,0.00,132,255,1.00,0.00,0.01,0.02,0.00,0.00,0.00,0.00
285,0,tcp,http,SF,221,1461,0,0,0,0,0,1,0,0,0,0,0,0,0,0,0,0,3,3,0.00,0.00,0.00,0.00,1.00,0.00,0.00,142,255,1.00,0.00,0.01,0.02,0.00,0.00,0.00,0.00
286,0,tcp,http,SF,208,324,0,0,0,0,0,1,0,0,0,0,0,0,0,0,0,0,13,13,0.00,0.00,0.00,0.00,1.00,0.00,0.00,152,255,1.00,0.00,0.01,0.02,0.00,0.00,0.00,0.00
287,0,tcp,http,SF,228,5280,0,0,0,0,0,1,0,0,0,0,0,0,0,0,0,0,9,9,0.00,0.00,0.00,0.00,1.00,0.00,0.00,162,255,1.00,0.00,0.01,0.02,0.00,0.00,0.00,0.00
288,0,tcp,http,SF,310,1408,0,0,0,0,0,1,0,0,0,0,0,0,0,0,0,0,5,5,0.00,0.00,0.00,0.00,1.00,0.00,0.00,172,255,1.00,0.00,0.01,0.02,0.00,0.00,0.00,0.00
289,0,tcp,http,SF,307,1425,0,0,0,0,0,1,0,0,0,0,0,0,0,0,0,0,1,1,0.00,0.00,0.00,0.00,1.00,0.00,0.00,182,255,1.00,0.00,0.01,0.02,0.00,0.00,0.00,0.00
290,0,tcp,http,SF,308,1481,0,0,0,0,0,1,0,0,0,0,0,0,0,0,0,0,11,11,0.00,0.00,0.00,0.00,1.00,0.00,0.00,192,255,1.00,0.00,0.01,0.02,0.00,0.00,0.00,0.00
291,0,tcp,http,SF,322,1423,0,0,0,0,0,1,0,0,0,0,0,0,0,0,0,0,7,7,0.00,0.00,0.00,0.00,1.00,0.00,0.00,202,255,1.00,0.00,0.00,0.02,0.00,0.00,0.00,0.00
292,0,tcp,http,SF,308,1483,0,0,0,0,0,1,0,0,0,0,0,0,0,0,0,0,5,5,0.00,0.00,0.00,0.00,1.00,0.00,0.00,212,255,1.00,0.00,0.00,0.01,0.00,0.00,0.00,0.00
293,0,tcp,http,SF,255,8224,0,0,0,0,0,1,0,0,0,0,0,0,0,0,0,0,1,1,0.00,0.00,0.00,0.00,1.00,0.00,0.00,222,255,1.00,0.00,0.00,0.01,0.00,0.00,0.00,0.00
294,0,tcp,http,SF,324,1112,0,0,0,0,0,1,0,0,0,0,0,0,0,0,0,0,11,11,0.00,0.00,0.00,0.00,1.00,0.00,0.00,232,255,1.00,0.00,0.00,0.01,0.00,0.00,0.00,0.00
295,0,tcp,http,SF,303,280,0,0,0,0,0,1,0,0,0,0,0,0,0,0,0,0,10,10,0.00,0.00,0.00,0.00,1.00,0.00,0.00,242,255,1.00,0.00,0.00,0.01,0.00,0.00,0.00,0.00
296,0,tcp,http,SF,305,1705,0,0,0,0,0,1,0,0,0,0,0,0,0,0,0,0,6,6,0.00,0.00,0.00,0.00,1.00,0.00,0.00,252,255,1.00,0.00,0.00,0.01,0.00,0.00,0.00,0.00
297,0,tcp,http,SF,304,1449,0,0,0,0,0,1,0,0,0,0,0,0,0,0,0,0,4,4,0.00,0.00,0.00,0.00,1.00,0.00,0.00,255,255,1.00,0.00,0.00,0.00,0.00,0.00,0.00,0.00
298,0,tcp,http,SF,305,1580,0,0,0,0,0,1,0,0,0,0,0,0,0,0,0,0,14,14,0.00,0.00,0.00,0.00,1.00,0.00,0.00,255,255,1.00,0.00,0.00,0.00,0.00,0.00,0.00,0.00
299,0,tcp,http,SF,315,3730,0,0,0,0,0,1,0,0,0,0,0,0,0,0,0,0,5,5,0.00,0.00,0.00,0.00,1.00,0.00,0.00,255,255,1.00,0.00,0.00,0.00,0.00,0.00,0.00,0.00
300,0,tcp,http,SF,330,1481,0,0,0,0,0,1,0,0,0,0,0,0,0,0,0,0,6,6,0.00,0.00,0.00,0.00,1.00,0.00,0.00,255,255,1.00,0.00,0.00,0.00,0.00,0.00,0.00,0.00
301,0,tcp,http,SF,240,8159,0,0,0,0,0,1,0,0,0,0,0,0,0,0,0,0,2,2,0.00,0.00,0.00,0.00,1.00,0.00,0.00,255,255,1.00,0.00,0.00,0.00,0.00,0.00,0.00,0.00
302,0,tcp,http,SF,309,1109,0,0,0,0,0,1,0,0,0,0,0,0,0,0,0,0,12,12,0.00,0.00,0.00,0.00,1.00,0.00,0.00,255,255,1.00,0.00,0.00,0.00,0.00,0.00,0.00,0.00
303,0,tcp,http,SF,310,1481,0,0,0,0,0,1,0,0,0,0,0,0,0,0,0,0,8,8,0.00,0.00,0.00,0.00,1.00,0.00,0.00,255,255,1.00,0.00,0.00,0.00,0.00,0.00,0.00,0.00
304,0,tcp,http,SF,152,8159,0,0,0,0,0,1,0,0,0,0,0,0,0,0,0,0,1,1,0.00,0.00,0.00,0.00,1.00,0.00,0.00,255,255,1.00,0.00,0.00,0.00,0.00,0.00,0.00,0.00
305,0,tcp,http,SF,217,280,0,0,0,0,0,1,0,0,0,0,0,0,0,0,0,0,10,10,0.00,0.00,0.00,0.00,1.00,0.00,0.00,255,255,1.00,0.00,0.00,0.00,0.00,0.00,0.00,0.00
306,0,tcp,http,SF,307,5280,0,0,0,0,0,1,0,0,0,0,0,0,0,0,0,0,10,10,0.00,0.00,0.00,0.00,1.00,0.00,0.00,255,255,1.00,0.00,0.00,0.00,0.00,0.00,0.00,0.00
307,0,tcp,http,SF,302,1461,0,0,0,0,0,1,0,0,0,0,0,0,0,0,0,0,6,6,0.00,0.00,0.00,0.00,1.00,0.00,0.00,255,255,1.00,0.00,0.00,0.00,0.00,0.00,0.00,0.00
308,0,tcp,http,SF,152,8159,0,0,0,0,0,1,0,0,0,0,0,0,0,0,0,0,2,2,0.00,0.00,0.00,0.00,1.00,0.00,0.00,255,255,1.00,0.00,0.00,0.00,0.00,0.00,0.00,0.00
309,0,tcp,http,SF,222,1408,0,0,0,0,0,1,0,0,0,0,0,0,0,0,0,0,12,12,0.00,0.00,0.00,0.00,1.00,0.00,0.00,255,255,1.00,0.00,0.00,0.00,0.00,0.00,0.00,0.00
310,0,tcp,http,SF,216,13655,0,0,0,0,0,1,0,0,0,0,0,0,0,0,0,0,2,2,0.00,0.00,0.00,0.00,1.00,0.00,0.00,7,255,1.00,0.00,0.14,0.01,0.00,0.00,0.00,0.00
311,0,tcp,http,SF,206,14358,0,0,0,0,0,1,0,0,0,0,0,0,0,0,0,0,9,9,0.00,0.00,0.00,0.00,1.00,0.00,0.00,9,255,1.00,0.00,0.11,0.01,0.00,0.00,0.00,0.00
312,0,tcp,http,SF,206,1970,0,0,0,0,0,1,0,0,0,0,0,0,0,0,0,0,19,19,0.00,0.00,0.00,0.00,1.00,0.00,0.00,19,255,1.00,0.00,0.05,0.01,0.00,0.00,0.00,0.00
313,0,tcp,http,SF,170,5295,0,0,0,0,0,1,0,0,0,0,0,0,0,0,0,0,3,3,0.00,0.00,0.00,0.00,1.00,0.00,0.00,29,255,1.00,0.00,0.03,0.01,0.00,0.00,0.00,0.00
314,0,tcp,http,SF,188,74810,0,0,0,0,0,1,0,0,0,0,0,0,0,0,0,0,5,5,0.00,0.00,0.00,0.00,1.00,0.00,0.00,39,255,1.00,0.00,0.03,0.01,0.00,0.00,0.00,0.00
315,0,tcp,http,SF,185,4946,0,0,0,0,0,1,0,0,0,0,0,0,0,0,0,0,15,15,0.00,0.00,0.00,0.00,1.00,0.00,0.00,49,255,1.00,0.00,0.02,0.01,0.00,0.00,0.00,0.00
316,0,tcp,http,SF,198,74810,0,0,0,0,0,1,0,0,0,0,0,0,0,0,0,0,4,4,0.00,0.00,0.00,0.00,1.00,0.00,0.00,59,255,1.00,0.00,0.02,0.01,0.00,0.00,0.00,0.00
317,0,tcp,http,SF,309,1008,0,0,0,0,0,1,0,0,0,0,0,0,0,0,0,0,1,6,0.00,0.00,0.00,0.00,1.00,0.00,0.50,1,255,1.00,0.00,1.00,0.02,0.00,0.00,0.00,0.00
318,0,tcp,http,SF,317,2361,0,0,0,0,0,1,0,0,0,0,0,0,0,0,0,0,11,16,0.00,0.00,0.00,0.00,1.00,0.00,0.19,11,255,1.00,0.00,0.09,0.02,0.00,0.00,0.00,0.00
319,0,tcp,http,SF,267,6407,0,0,0,0,0,1,0,0,0,0,0,0,0,0,0,0,10,10,0.00,0.00,0.00,0.00,1.00,0.00,0.00,21,255,1.00,0.00,0.05,0.02,0.00,0.00,0.00,0.00
320,0,tcp,http,SF,327,6827,0,0,0,0,0,1,0,0,0,0,0,0,0,0,0,0,3,3,0.00,0.00,0.00,0.00,1.00,0.00,0.00,31,255,1.00,0.00,0.03,0.02,0.00,0.00,0.00,0.00
321,0,tcp,http,SF,271,831,0,0,0,0,0,1,0,0,0,0,0,0,0,0,0,0,3,3,0.00,0.00,0.00,0.00,1.00,0.00,0.00,3,255,1.00,0.00,0.33,0.02,0.00,0.00,0.00,0.00
322,0,tcp,http,SF,272,913,0,0,0,0,0,1,0,0,0,0,0,0,0,0,0,0,13,13,0.00,0.00,0.00,0.00,1.00,0.00,0.00,13,255,1.00,0.00,0.08,0.02,0.00,0.00,0.00,0.00
323,0,tcp,http,SF,207,3443,0,0,0,0,0,1,0,0,0,0,0,0,0,0,0,0,4,4,0.00,0.00,0.00,0.00,1.00,0.00,0.00,4,255,1.00,0.00,0.25,0.02,0.00,0.00,0.00,0.00
324,0,tcp,http,SF,204,222,0,0,0,0,0,1,0,0,0,0,0,0,0,0,0,0,1,1,0.00,0.00,0.00,0.00,1.00,0.00,0.00,1,255,1.00,0.00,1.00,0.03,0.00,0.00,0.00,0.00
325,0,tcp,http,SF,223,269,0,0,0,0,0,1,0,0,0,0,0,0,0,0,0,0,8,8,0.00,0.00,0.00,0.00,1.00,0.00,0.00,11,255,1.00,0.00,0.09,0.03,0.00,0.00,0.00,0.00
326,0,tcp,http,SF,219,1571,0,0,0,0,0,1,0,0,0,0,0,0,0,0,0,0,8,8,0.00,0.00,0.00,0.00,1.00,0.00,0.00,21,255,1.00,0.00,0.05,0.03,0.00,0.00,0.00,0.00
327,0,tcp,http,SF,228,1764,0,0,0,0,0,1,0,0,0,0,0,0,0,0,0,0,18,18,0.00,0.00,0.00,0.00,1.00,0.00,0.00,31,255,1.00,0.00,0.03,0.03,0.00,0.00,0.00,0.00
328,0,tcp,http,SF,230,222,0,0,0,0,0,1,0,0,0,0,0,0,0,0,0,0,6,6,0.00,0.00,0.00,0.00,1.00,0.00,0.00,41,255,1.00,0.00,0.02,0.03,0.00,0.00,0.00,0.00
329,0,tcp,http,SF,235,222,0,0,0,0,0,1,0,0,0,0,0,0,0,0,0,0,16,16,0.00,0.00,0.00,0.00,1.00,0.00,0.00,51,255,1.00,0.00,0.02,0.03,0.00,0.00,0.00,0.00
330,0,tcp,http,SF,151,511,0,0,0,0,0,1,0,0,0,0,0,0,0,0,0,0,1,17,0.00,0.00,0.00,0.00,1.00,0.00,0.12,5,255,1.00,0.00,0.20,0.04,0.00,0.00,0.00,0.00
331,0,tcp,http,SF,256,125015,0,0,0,0,0,1,0,0,0,0,0,0,0,0,0,0,10,15,0.00,0.00,0.00,0.00,1.00,0.00,0.27,10,255,1.00,0.00,0.10,0.04,0.00,0.00,0.00,0.00
332,0,tcp,http,SF,247,19361,0,0,0,0,0,1,0,0,0,0,0,0,0,0,0,0,20,25,0.00,0.00,0.00,0.00,1.00,0.00,0.16,20,255,1.00,0.00,0.05,0.04,0.00,0.00,0.00,0.00
333,0,tcp,http,SF,327,7892,0,0,0,0,0,1,0,0,0,0,0,0,0,0,0,0,10,11,0.00,0.00,0.00,0.00,1.00,0.00,0.18,30,255,1.00,0.00,0.03,0.04,0.00,0.00,0.00,0.00
334,0,tcp,http,SF,333,1718,0,0,0,0,0,1,0,0,0,0,0,0,0,0,0,0,1,1,0.00,0.00,0.00,0.00,1.00,0.00,0.00,40,255,1.00,0.00,0.03,0.04,0.03,0.00,0.00,0.00
335,0,tcp,http,SF,177,3525,0,0,0,0,0,1,0,0,0,0,0,0,0,0,0,0,8,8,0.00,0.00,0.00,0.00,1.00,0.00,0.00,50,255,1.00,0.00,0.02,0.04,0.02,0.00,0.00,0.00
336,0,tcp,http,SF,174,4895,0,0,0,0,0,1,0,0,0,0,0,0,0,0,0,0,18,18,0.00,0.00,0.00,0.00,1.00,0.00,0.00,60,255,1.00,0.00,0.02,0.04,0.02,0.00,0.00,0.00
337,0,tcp,http,SF,242,2109,0,0,0,0,0,1,0,0,0,0,0,0,0,0,0,0,8,8,0.00,0.00,0.00,0.00,1.00,0.00,0.00,70,255,1.00,0.00,0.01,0.04,0.01,0.00,0.00,0.00
338,0,tcp,http,SF,240,1469,0,0,0,0,0,1,0,0,0,0,0,0,0,0,0,0,18,18,0.00,0.00,0.00,0.00,1.00,0.00,0.00,80,255,1.00,0.00,0.01,0.04,0.01,0.00,0.00,0.00
339,0,tcp,http,SF,241,7892,0,0,0,0,0,1,0,0,0,0,0,0,0,0,0,0,7,7,0.00,0.00,0.00,0.00,1.00,0.00,0.00,90,255,1.00,0.00,0.01,0.04,0.01,0.00,0.00,0.00
340,0,tcp,http,SF,218,423,0,0,0,0,0,1,0,0,0,0,0,0,0,0,0,0,17,18,0.00,0.00,0.00,0.00,1.00,0.00,0.11,100,255,1.00,0.00,0.01,0.04,0.01,0.00,0.00,0.00
341,0,tcp,http,SF,212,360,0,0,0,0,0,1,0,0,0,0,0,0,0,0,0,0,6,6,0.00,0.00,0.00,0.00,1.00,0.00,0.00,6,255,1.00,0.00,0.17,0.04,0.00,0.00,0.00,0.00
342,0,tcp,http,SF,203,768,0,0,0,0,0,1,0,0,0,0,0,0,0,0,0,0,16,16,0.00,0.00,0.00,0.00,1.00,0.00,0.00,16,255,1.00,0.00,0.06,0.04,0.00,0.00,0.00,0.00
343,0,tcp,http,SF,285,1106,0,0,0,0,0,1,0,0,0,0,0,0,0,0,0,0,8,8,0.00,0.00,0.00,0.00,1.00,0.00,0.00,8,255,1.00,0.00,0.12,0.04,0.00,0.00,0.00,0.00
344,0,tcp,http,SF,288,644,0,0,0,0,0,1,0,0,0,0,0,0,0,0,0,0,19,19,0.11,0.11,0.00,0.00,1.00,0.00,0.00,18,255,1.00,0.00,0.06,0.04,0.06,0.01,0.00,0.00
345,0,tcp,http,SF,340,681,0,0,0,0,0,1,0,0,0,0,0,0,0,0,0,0,5,11,0.00,0.00,0.00,0.00,1.00,0.00,0.18,28,255,1.00,0.00,0.04,0.04,0.04,0.01,0.00,0.00
346,0,tcp,http,SF,344,1180,0,0,0,0,0,1,0,0,0,0,0,0,0,0,0,0,15,25,0.00,0.00,0.00,0.00,1.00,0.00,0.08,38,255,1.00,0.00,0.03,0.04,0.03,0.01,0.00,0.00
347,0,tcp,http,SF,233,128,0,0,0,0,0,1,0,0,0,0,0,0,0,0,0,0,1,5,0.00,0.00,0.00,0.00,1.00,0.00,0.40,6,255,1.00,0.00,0.17,0.04,0.00,0.01,0.00,0.00
348,0,tcp,http,SF,334,4450,0,0,0,0,0,1,0,0,0,0,0,0,0,0,0,0,7,7,0.00,0.00,0.00,0.00,1.00,0.00,0.00,7,255,1.00,0.00,0.14,0.04,0.00,0.01,0.00,0.00
349,0,tcp,http,SF,312,13647,0,0,0,0,0,1,0,0,0,0,0,0,0,0,0,0,2,30,0.00,0.03,0.00,0.00,1.00,0.00,0.07,2,255,1.00,0.00,0.50,0.04,0.00,0.01,0.00,0.00
350,0,tcp,http,SF,238,6078,0,0,0,0,0,1,0,0,0,0,0,0,0,0,0,0,1,1,0.00,0.00,0.00,0.00,1.00,0.00,0.00,12,255,1.00,0.00,0.08,0.04,0.00,0.01,0.00,0.00
351,0,tcp,http,SF,308,2345,0,0,0,0,0,1,0,0,0,0,0,0,0,0,0,0,4,5,0.00,0.00,0.00,0.00,1.00,0.00,0.40,22,255,1.00,0.00,0.05,0.04,0.00,0.01,0.00,0.00
352,0,tcp,http,SF,362,1653,0,0,0,0,0,1,0,0,0,0,0,0,0,0,0,0,1,1,0.00,0.00,0.00,0.00,1.00,0.00,0.00,32,255,1.00,0.00,0.03,0.04,0.00,0.01,0.00,0.00
353,0,tcp,http,SF,332,61480,0,0,0,0,0,1,0,0,0,0,0,0,0,0,0,0,11,11,0.00,0.00,0.00,0.00,1.00,0.00,0.00,42,255,1.00,0.00,0.02,0.04,0.00,0.01,0.00,0.00
354,0,tcp,http,SF,247,3105,0,0,0,0,0,1,0,0,0,0,0,0,0,0,0,0,8,8,0.00,0.00,0.00,0.00,1.00,0.00,0.00,52,255,1.00,0.00,0.02,0.04,0.00,0.01,0.00,0.00
355,0,tcp,http,SF,168,2876,0,0,0,0,0,1,0,0,0,0,0,0,0,0,0,0,7,7,0.00,0.00,0.00,0.00,1.00,0.00,0.00,62,255,1.00,0.00,0.02,0.03,0.00,0.01,0.00,0.00
356,0,tcp,http,SF,211,373,0,0,0,0,0,1,0,0,0,0,0,0,0,0,0,0,6,6,0.00,0.00,0.00,0.00,1.00,0.00,0.00,72,255,1.00,0.00,0.01,0.02,0.00,0.01,0.00,0.00
357,0,tcp,http,SF,226,61480,0,0,0,0,0,1,0,0,0,0,0,0,0,0,0,0,9,9,0.00,0.00,0.00,0.00,1.00,0.00,0.00,82,255,1.00,0.00,0.01,0.02,0.00,0.01,0.00,0.00
358,0,tcp,http,SF,252,1629,0,0,0,0,0,1,0,0,0,0,0,0,0,0,0,0,6,25,0.00,0.00,0.00,0.00,1.00,0.00,0.08,92,255,1.00,0.00,0.01,0.02,0.00,0.01,0.00,0.00
359,0,tcp,http,SF,297,533,0,0,0,0,0,1,0,0,0,0,0,0,0,0,0,0,3,3,0.00,0.00,0.00,0.00,1.00,0.00,0.00,102,255,1.00,0.00,0.01,0.02,0.00,0.01,0.00,0.00
360,0,tcp,http,SF,329,612,0,0,0,0,0,1,0,0,0,0,0,0,0,0,0,0,6,6,0.00,0.00,0.00,0.00,1.00,0.00,0.00,112,255,1.00,0.00,0.01,0.02,0.00,0.00,0.00,0.00
361,0,tcp,http,SF,344,3796,0,0,0,0,0,1,0,0,0,0,0,0,0,0,0,0,16,16,0.00,0.00,0.00,0.00,1.00,0.00,0.00,122,255,1.00,0.00,0.01,0.02,0.00,0.00,0.00,0.00
362,0,tcp,http,SF,343,1988,0,0,0,0,0,1,0,0,0,0,0,0,0,0,0,0,26,26,0.00,0.00,0.00,0.00,1.00,0.00,0.00,132,255,1.00,0.00,0.01,0.02,0.00,0.00,0.00,0.00
363,0,tcp,http,SF,343,1544,0,0,0,0,0,1,0,0,0,0,0,0,0,0,0,0,36,36,0.00,0.00,0.00,0.00,1.00,0.00,0.00,142,255,1.00,0.00,0.01,0.02,0.00,0.00,0.00,0.00
364,0,tcp,http,SF,232,2105,0,0,0,0,0,1,0,0,0,0,0,0,0,0,0,0,10,14,0.00,0.00,0.00,0.00,1.00,0.00,0.14,152,255,1.00,0.00,0.01,0.02,0.00,0.00,0.00,0.00
365,0,tcp,http,SF,160,3102,0,0,0,0,0,1,0,0,0,0,0,0,0,0,0,0,2,2,0.00,0.00,0.00,0.00,1.00,0.00,0.00,162,255,1.00,0.00,0.01,0.02,0.00,0.00,0.00,0.00
366,0,tcp,http,SF,218,2002,0,0,0,0,0,1,0,0,0,0,0,0,0,0,0,0,12,12,0.00,0.00,0.00,0.00,1.00,0.00,0.00,172,255,1.00,0.00,0.01,0.02,0.00,0.00,0.00,0.00
367,0,tcp,http,SF,276,1653,0,0,0,0,0,1,0,0,0,0,0,0,0,0,0,0,9,9,0.00,0.00,0.00,0.00,1.00,0.00,0.00,182,255,1.00,0.00,0.01,0.02,0.00,0.00,0.00,0.00
368,0,tcp,http,SF,298,3214,0,0,0,0,0,1,0,0,0,0,0,0,0,0,0,0,6,6,0.00,0.00,0.00,0.00,1.00,0.00,0.00,6,255,1.00,0.00,0.17,0.02,0.00,0.00,0.00,0.00
369,0,tcp,http,SF,309,417,0,0,0,0,0,1,0,0,0,0,0,0,0,0,0,0,16,16,0.00,0.00,0.00,0.00,1.00,0.00,0.00,16,255,1.00,0.00,0.06,0.02,0.00,0.00,0.00,0.00
370,0,tcp,http,SF,306,1308,0,0,0,0,0,1,0,0,0,0,0,0,0,0,0,0,26,26,0.00,0.00,0.00,0.00,1.00,0.00,0.00,26,255,1.00,0.00,0.04,0.02,0.00,0.00,0.00,0.00
371,0,tcp,http,SF,236,1190,0,0,0,0,0,1,0,0,0,0,0,0,0,0,0,0,6,16,0.00,0.00,0.00,0.00,1.00,0.00,0.12,36,255,1.00,0.00,0.03,0.02,0.00,0.00,0.00,0.00
372,0,tcp,http,SF,234,254,0,0,0,0,0,1,0,0,0,0,0,0,0,0,0,0,16,26,0.00,0.00,0.00,0.00,1.00,0.00,0.08,46,255,1.00,0.00,0.02,0.02,0.00,0.00,0.00,0.00
373,0,tcp,http,SF,231,761,0,0,0,0,0,1,0,0,0,0,0,0,0,0,0,0,26,36,0.00,0.00,0.00,0.00,1.00,0.00,0.06,56,255,1.00,0.00,0.02,0.01,0.00,0.00,0.00,0.00
374,0,tcp,http,SF,292,12439,0,0,0,0,0,1,0,0,0,0,0,0,0,0,0,0,1,1,0.00,0.00,0.00,0.00,1.00,0.00,0.00,1,255,1.00,0.00,1.00,0.02,0.00,0.00,0.00,0.00
375,0,tcp,http,SF,320,540,0,0,0,0,0,1,0,0,0,0,0,0,0,0,0,0,11,11,0.00,0.00,0.00,0.00,1.00,0.00,0.00,11,255,1.00,0.00,0.09,0.02,0.00,0.00,0.00,0.00
376,0,tcp,http,SF,317,1496,0,0,0,0,0,1,0,0,0,0,0,0,0,0,0,0,4,4,0.00,0.00,0.00,0.00,1.00,0.00,0.00,21,255,1.00,0.00,0.05,0.02,0.00,0.00,0.00,0.00
377,0,tcp,http,SF,309,352,0,0,0,0,0,1,0,0,0,0,0,0,0,0,0,0,14,14,0.00,0.00,0.00,0.00,1.00,0.00,0.00,31,255,1.00,0.00,0.03,0.02,0.00,0.00,0.00,0.00
378,0,tcp,http,SF,307,343,0,0,0,0,0,1,0,0,0,0,0,0,0,0,0,0,7,7,0.00,0.00,0.00,0.00,1.00,0.00,0.00,41,255,1.00,0.00,0.02,0.02,0.00,0.00,0.00,0.00
379,0,tcp,http,SF,305,352,0,0,0,0,0,1,0,0,0,0,0,0,0,0,0,0,17,17,0.00,0.00,0.00,0.00,1.00,0.00,0.00,51,255,1.00,0.00,0.02,0.02,0.00,0.00,0.00,0.00
380,0,tcp,http,SF,213,1108,0,0,0,0,0,1,0,0,0,0,0,0,0,0,0,0,3,3,0.00,0.00,0.00,0.00,1.00,0.00,0.00,3,255,1.00,0.00,0.33,0.02,0.00,0.00,0.00,0.00
381,0,tcp,http,SF,210,1663,0,0,0,0,0,1,0,0,0,0,0,0,0,0,0,0,13,13,0.00,0.00,0.00,0.00,1.00,0.00,0.00,13,255,1.00,0.00,0.08,0.02,0.00,0.00,0.00,0.00
382,0,tcp,http,SF,234,1578,0,0,0,0,0,1,0,0,0,0,0,0,0,0,0,0,5,5,0.00,0.00,0.00,0.00,1.00,0.00,0.00,23,255,1.00,0.00,0.04,0.02,0.00,0.00,0.00,0.00
383,0,tcp,http,SF,174,6345,0,0,0,0,0,1,0,0,0,0,0,0,0,0,0,0,1,1,0.00,0.00,0.00,0.00,1.00,0.00,0.00,3,255,1.00,0.00,0.33,0.02,0.00,0.00,0.00,0.00
384,79,tcp,http,SF,231,328,0,0,0,0,0,1,0,0,0,0,0,0,0,0,0,0,3,3,0.00,0.00,0.00,0.00,1.00,0.00,0.00,13,255,1.00,0.00,0.08,0.02,0.00,0.00,0.00,0.00
385,0,tcp,http,SF,216,4973,0,0,0,0,0,1,0,0,0,0,0,0,0,0,0,0,2,2,0.00,0.00,0.00,0.00,1.00,0.00,0.00,9,255,1.00,0.00,0.11,0.03,0.00,0.00,0.00,0.00
386,0,tcp,http,SF,317,4973,0,0,0,0,0,1,0,0,0,0,0,0,0,0,0,0,1,1,0.00,0.00,0.00,0.00,1.00,0.00,0.00,19,255,1.00,0.00,0.05,0.03,0.00,0.00,0.00,0.00
387,0,tcp,http,SF,283,1920,0,0,0,0,0,1,0,0,0,0,0,0,0,0,0,0,7,7,0.00,0.00,0.00,0.00,1.00,0.00,0.00,7,255,1.00,0.00,0.14,0.03,0.00,0.00,0.00,0.00
388,0,tcp,http,SF,283,1980,0,0,0,0,0,1,0,0,0,0,0,0,0,0,0,0,17,17,0.00,0.00,0.00,0.00,1.00,0.00,0.00,17,255,1.00,0.00,0.06,0.03,0.00,0.00,0.00,0.00
389,0,tcp,http,SF,300,1563,0,0,0,0,0,1,0,0,0,0,0,0,0,0,0,0,9,9,0.00,0.00,0.00,0.00,1.00,0.00,0.00,27,255,1.00,0.00,0.04,0.03,0.00,0.00,0.00,0.00
390,0,tcp,http,SF,324,1357,0,0,0,0,0,1,0,0,0,0,0,0,0,0,0,0,7,8,0.00,0.00,0.00,0.00,1.00,0.00,0.25,7,255,1.00,0.00,0.14,0.04,0.00,0.00,0.00,0.00
391,0,tcp,http,SF,320,238,0,0,0,0,0,1,0,0,0,0,0,0,0,0,0,0,17,18,0.00,0.00,0.00,0.00,1.00,0.00,0.11,17,255,1.00,0.00,0.06,0.04,0.00,0.00,0.00,0.00
392,0,tcp,http,SF,346,1270,0,0,0,0,0,1,0,0,0,0,0,0,0,0,0,0,27,28,0.00,0.00,0.00,0.00,1.00,0.00,0.07,27,255,1.00,0.00,0.04,0.04,0.00,0.00,0.00,0.00
393,0,tcp,http,SF,236,39873,0,0,0,0,0,1,0,0,0,0,0,0,0,0,0,0,1,1,0.00,0.00,0.00,0.00,1.00,0.00,0.00,37,255,1.00,0.00,0.03,0.04,0.00,0.00,0.00,0.00
394,0,tcp,http,SF,295,1087,0,0,0,0,0,1,0,0,0,0,0,0,0,0,0,0,11,11,0.00,0.00,0.00,0.00,1.00,0.00,0.00,47,255,1.00,0.00,0.02,0.04,0.00,0.00,0.00,0.00
395,0,tcp,http,SF,319,1467,0,0,0,0,0,1,0,0,0,0,0,0,0,0,0,0,21,23,0.00,0.00,0.00,0.00,1.00,0.00,0.09,57,255,1.00,0.00,0.02,0.04,0.00,0.00,0.00,0.00
396,0,tcp,http,SF,301,1349,0,0,0,0,0,1,0,0,0,0,0,0,0,0,0,0,31,33,0.00,0.00,0.00,0.00,1.00,0.00,0.06,67,255,1.00,0.00,0.01,0.04,0.00,0.00,0.00,0.00
397,0,tcp,http,SF,281,757,0,0,0,0,0,1,0,0,0,0,0,0,0,0,0,0,1,2,0.00,0.00,0.00,0.00,1.00,0.00,1.00,1,255,1.00,0.00,1.00,0.05,0.00,0.00,0.00,0.00
398,0,tcp,http,SF,281,757,0,0,0,0,0,1,0,0,0,0,0,0,0,0,0,0,2,9,0.00,0.00,0.00,0.00,1.00,0.00,0.22,11,255,1.00,0.00,0.09,0.05,0.00,0.00,0.00,0.00
399,0,tcp,http,SF,239,760,0,0,0,0,0,1,0,0,0,0,0,0,0,0,0,0,2,33,0.00,0.00,0.00,0.00,1.00,0.00,0.18,21,255,1.00,0.00,0.05,0.05,0.00,0.00,0.00,0.00
400,0,tcp,http,SF,309,757,0,0,0,0,0,1,0,0,0,0,0,0,0,0,0,0,3,10,0.00,0.00,0.00,0.00,1.00,0.00,0.20,31,255,1.00,0.00,0.03,0.04,0.00,0.00,0.00,0.00
401,0,tcp,http,SF,281,757,0,0,0,0,0,1,0,0,0,0,0,0,0,0,0,0,3,4,0.00,0.00,0.00,0.00,1.00,0.00,0.50,41,255,1.00,0.00,0.02,0.04,0.00,0.00,0.00,0.00
402,0,tcp,http,SF,222,763,0,0,0,0,0,1,0,0,0,0,0,0,0,0,0,0,1,2,0.00,0.00,0.00,0.00,1.00,0.00,1.00,51,255,1.00,0.00,0.02,0.04,0.00,0.00,0.00,0.00
403,0,tcp,http,SF,279,757,0,0,0,0,0,1,0,0,0,0,0,0,0,0,0,0,2,6,0.00,0.00,0.00,0.00,1.00,0.00,0.33,61,255,1.00,0.00,0.02,0.04,0.00,0.00,0.00,0.00
404,0,tcp,http,SF,309,757,0,0,0,0,0,1,0,0,0,0,0,0,0,0,0,0,2,2,0.00,0.00,0.00,0.00,1.00,0.00,0.00,71,255,1.00,0.00,0.01,0.04,0.00,0.00,0.00,0.00
405,0,tcp,http,SF,208,757,0,0,0,0,0,1,0,0,0,0,0,0,0,0,0,0,3,10,0.00,0.00,0.00,0.00,1.00,0.00,0.20,81,255,1.00,0.00,0.01,0.04,0.00,0.00,0.00,0.00
406,0,tcp,http,SF,309,755,0,0,0,0,0,1,0,0,0,0,0,0,0,0,0,0,1,1,0.00,0.00,0.00,0.00,1.00,0.00,0.00,91,255,1.00,0.00,0.01,0.04,0.00,0.00,0.00,0.00
407,0,tcp,http,SF,209,751,0,0,0,0,0,1,0,0,0,0,0,0,0,0,0,0,3,11,0.00,0.00,0.00,0.00,1.00,0.00,0.18,101,255,1.00,0.00,0.01,0.04,0.00,0.00,0.00,0.00
408,0,tcp,http,SF,209,751,0,0,0,0,0,1,0,0,0,0,0,0,0,0,0,0,1,6,0.00,0.00,0.00,0.00,1.00,0.00,0.33,111,255,1.00,0.00,0.01,0.04,0.00,0.00,0.00,0.00
409,0,tcp,http,SF,281,755,0,0,0,0,0,1,0,0,0,0,0,0,0,0,0,0,2,9,0.00,0.00,0.00,0.00,1.00,0.00,0.22,121,255,1.00,0.00,0.01,0.04,0.00,0.00,0.00,0.00
410,0,tcp,http,SF,281,757,0,0,0,0,0,1,0,0,0,0,0,0,0,0,0,0,4,11,0.00,0.00,0.00,0.00,1.00,0.00,0.18,131,255,1.00,0.00,0.01,0.03,0.00,0.00,0.00,0.00
411,0,tcp,http,SF,208,751,0,0,0,0,0,1,0,0,0,0,0,0,0,0,0,0,4,11,0.00,0.00,0.00,0.00,1.00,0.00,0.18,141,255,1.00,0.00,0.01,0.03,0.00,0.00,0.00,0.00
412,0,tcp,http,SF,309,757,0,0,0,0,0,1,0,0,0,0,0,0,0,0,0,0,2,8,0.00,0.00,0.00,0.00,1.00,0.00,0.25,151,255,1.00,0.00,0.01,0.03,0.00,0.00,0.00,0.00
413,0,tcp,http,SF,192,755,0,0,0,0,0,1,0,0,0,0,0,0,0,0,0,0,3,7,0.00,0.00,0.00,0.00,1.00,0.00,0.29,161,255,1.00,0.00,0.01,0.03,0.00,0.00,0.00,0.00
414,0,tcp,http,SF,281,755,0,0,0,0,0,1,0,0,0,0,0,0,0,0,0,0,4,10,0.00,0.00,0.00,0.00,1.00,0.00,0.20,171,255,1.00,0.00,0.01,0.03,0.00,0.00,0.00,0.00
415,0,tcp,http,SF,279,757,0,0,0,0,0,1,0,0,0,0,0,0,0,0,0,0,3,12,0.00,0.00,0.00,0.00,1.00,0.00,0.17,181,255,1.00,0.00,0.01,0.02,0.00,0.00,0.00,0.00
416,0,tcp,http,SF,283,5286,0,0,0,0,0,1,0,0,0,0,0,0,0,0,0,0,7,7,0.00,0.00,0.00,0.00,1.00,0.00,0.00,7,255,1.00,0.00,0.14,0.02,0.00,0.00,0.00,0.00
417,0,tcp,http,SF,289,8841,0,0,0,0,0,1,0,0,0,0,0,0,0,0,0,0,17,17,0.00,0.00,0.00,0.00,1.00,0.00,0.00,17,255,1.00,0.00,0.06,0.02,0.00,0.00,0.00,0.00
418,0,tcp,http,SF,186,316,0,0,0,0,0,1,0,0,0,0,0,0,0,0,0,0,5,8,0.00,0.00,0.00,0.00,1.00,0.00,0.25,6,255,1.00,0.00,0.17,0.03,0.00,0.00,0.00,0.00
419,0,tcp,http,SF,215,1263,0,0,0,0,0,1,0,0,0,0,0,0,0,0,0,0,3,3,0.00,0.00,0.00,0.00,1.00,0.00,0.00,16,255,1.00,0.00,0.06,0.03,0.00,0.00,0.00,0.00
420,0,tcp,http,SF,226,944,0,0,0,0,0,1,0,0,0,0,0,0,0,0,0,0,2,2,0.00,0.00,0.00,0.00,1.00,0.00,0.00,26,255,1.00,0.00,0.04,0.03,0.00,0.00,0.00,0.00
421,0,tcp,http,SF,219,308,0,0,0,0,0,1,0,0,0,0,0,0,0,0,0,0,2,2,0.00,0.00,0.00,0.00,1.00,0.00,0.00,36,255,1.00,0.00,0.03,0.03,0.00,0.00,0.00,0.00
422,0,tcp,http,SF,213,2325,0,0,0,0,0,1,0,0,0,0,0,0,0,0,0,0,12,13,0.00,0.00,0.00,0.00,1.00,0.00,0.15,46,255,1.00,0.00,0.02,0.02,0.00,0.00,0.00,0.00
423,0,tcp,http,SF,275,316,0,0,0,0,0,1,0,0,0,0,0,0,0,0,0,0,9,12,0.00,0.00,0.00,0.00,1.00,0.00,0.17,56,255,1.00,0.00,0.02,0.02,0.00,0.00,0.00,0.00
424,0,tcp,http,SF,296,1319,0,0,0,0,0,1,0,0,0,0,0,0,0,0,0,0,8,8,0.00,0.00,0.00,0.00,1.00,0.00,0.00,66,255,1.00,0.00,0.02,0.02,0.00,0.00,0.00,0.00
425,0,tcp,http,SF,205,308,0,0,0,0,0,1,0,0,0,0,0,0,0,0,0,0,7,39,0.00,0.00,0.00,0.00,1.00,0.00,0.18,76,255,1.00,0.00,0.01,0.02,0.00,0.00,0.00,0.00
426,0,tcp,http,SF,228,316,0,0,0,0,0,1,0,0,0,0,0,0,0,0,0,0,6,6,0.00,0.00,0.00,0.00,1.00,0.00,0.00,86,255,1.00,0.00,0.01,0.02,0.00,0.00,0.00,0.00
427,0,tcp,http,SF,241,944,0,0,0,0,0,1,0,0,0,0,0,0,0,0,0,0,3,24,0.00,0.00,0.00,0.00,1.00,0.00,0.21,96,255,1.00,0.00,0.01,0.02,0.00,0.00,0.00,0.00
428,0,tcp,http,SF,214,1367,0,0,0,0,0,1,0,0,0,0,0,0,0,0,0,0,4,4,0.00,0.00,0.00,0.00,1.00,0.00,0.00,106,255,1.00,0.00,0.01,0.02,0.00,0.00,0.00,0.00
429,0,tcp,http,SF,238,7339,0,0,0,0,0,1,0,0,0,0,0,0,0,0,0,0,4,4,0.00,0.00,0.00,0.00,1.00,0.00,0.00,116,255,1.00,0.00,0.01,0.02,0.00,0.00,0.00,0.00
430,0,tcp,http,SF,251,1319,0,0,0,0,0,1,0,0,0,0,0,0,0,0,0,0,5,6,0.00,0.00,0.00,0.00,1.00,0.00,0.33,126,255,1.00,0.00,0.01,0.02,0.00,0.00,0.00,0.00
431,0,tcp,http,SF,302,1263,0,0,0,0,0,1,0,0,0,0,0,0,0,0,0,0,4,5,0.00,0.00,0.00,0.00,1.00,0.00,0.40,136,255,1.00,0.00,0.01,0.02,0.00,0.00,0.00,0.00
432,0,tcp,http,SF,191,2071,0,0,0,0,0,1,0,0,0,0,0,0,0,0,0,0,4,7,0.00,0.00,0.00,0.00,1.00,0.00,0.43,146,255,1.00,0.00,0.01,0.02,0.00,0.00,0.00,0.00
433,0,tcp,http,SF,230,16617,0,0,0,0,0,1,0,0,0,0,0,0,0,0,0,0,1,2,0.00,0.00,0.00,0.00,1.00,0.00,1.00,156,255,1.00,0.00,0.01,0.02,0.00,0.00,0.00,0.00
434,0,tcp,http,SF,280,934,0,0,0,0,0,1,0,0,0,0,0,0,0,0,0,0,11,15,0.00,0.00,0.00,0.00,1.00,0.00,0.13,166,255,1.00,0.00,0.01,0.02,0.00,0.00,0.00,0.00
435,0,tcp,http,SF,192,7355,0,0,0,0,0,1,0,0,0,0,0,0,0,0,0,0,10,23,0.00,0.00,0.00,0.00,1.00,0.00,0.13,176,255,1.00,0.00,0.01,0.02,0.00,0.00,0.00,0.00
436,0,tcp,http,SF,187,1046,0,0,0,0,0,1,0,0,0,0,0,0,0,0,0,0,9,34,0.00,0.00,0.00,0.00,1.00,0.00,0.12,186,255,1.00,0.00,0.01,0.02,0.00,0.00,0.00,0.00
437,0,tcp,http,SF,214,1319,0,0,0,0,0,1,0,0,0,0,0,0,0,0,0,0,8,9,0.00,0.00,0.00,0.00,1.00,0.00,0.22,196,255,1.00,0.00,0.01,0.02,0.00,0.00,0.00,0.00
438,0,tcp,http,SF,231,1046,0,0,0,0,0,1,0,0,0,0,0,0,0,0,0,0,6,11,0.00,0.00,0.00,0.00,1.00,0.00,0.36,206,255,1.00,0.00,0.00,0.02,0.00,0.00,0.00,0.00
439,0,tcp,http,SF,279,7355,0,0,0,0,0,1,0,0,0,0,0,0,0,0,0,0,6,9,0.00,0.00,0.00,0.00,1.00,0.00,0.22,216,255,1.00,0.00,0.00,0.02,0.00,0.00,0.00,0.00
440,0,tcp,http,SF,296,316,0,0,0,0,0,1,0,0,0,0,0,0,0,0,0,0,5,6,0.00,0.00,0.00,0.00,1.00,0.00,0.33,226,255,1.00,0.00,0.00,0.02,0.00,0.00,0.00,0.00
441,0,tcp,http,SF,228,16617,0,0,0,0,0,1,0,0,0,0,0,0,0,0,0,0,3,3,0.00,0.00,0.00,0.00,1.00,0.00,0.00,236,255,1.00,0.00,0.00,0.01,0.00,0.00,0.00,0.00
442,0,tcp,http,SF,305,944,0,0,0,0,0,1,0,0,0,0,0,0,0,0,0,0,2,5,0.00,0.00,0.00,0.00,1.00,0.00,0.40,246,255,1.00,0.00,0.00,0.01,0.00,0.00,0.00,0.00
443,0,tcp,http,SF,305,934,0,0,0,0,0,1,0,0,0,0,0,0,0,0,0,0,12,12,0.00,0.00,0.00,0.00,1.00,0.00,0.00,255,255,1.00,0.00,0.00,0.00,0.00,0.00,0.00,0.00
444,0,tcp,http,SF,303,316,0,0,0,0,0,1,0,0,0,0,0,0,0,0,0,0,10,14,0.00,0.00,0.00,0.00,1.00,0.00,0.14,255,255,1.00,0.00,0.00,0.00,0.00,0.00,0.00,0.00
445,0,tcp,http,SF,307,891,0,0,0,0,0,1,0,0,0,0,0,0,0,0,0,0,8,11,0.00,0.00,0.00,0.00,1.00,0.00,0.18,255,255,1.00,0.00,0.00,0.00,0.00,0.00,0.00,0.00
446,0,tcp,http,SF,277,891,0,0,0,0,0,1,0,0,0,0,0,0,0,0,0,0,6,13,0.00,0.00,0.00,0.00,1.00,0.00,0.31,255,255,1.00,0.00,0.00,0.00,0.00,0.00,0.00,0.00
447,0,tcp,http,SF,308,944,0,0,0,0,0,1,0,0,0,0,0,0,0,0,0,0,5,17,0.00,0.00,0.00,0.00,1.00,0.00,0.18,255,255,1.00,0.00,0.01,0.00,0.00,0.00,0.00,0.00
448,0,tcp,http,SF,203,1046,0,0,0,0,0,1,0,0,0,0,0,0,0,0,0,0,3,3,0.00,0.00,0.00,0.00,1.00,0.00,0.00,255,255,1.00,0.00,0.00,0.00,0.00,0.00,0.00,0.00
449,0,tcp,http,SF,304,783,0,0,0,0,0,1,0,0,0,0,0,0,0,0,0,0,2,7,0.00,0.00,0.00,0.00,1.00,0.00,0.57,255,255,1.00,0.00,0.00,0.00,0.00,0.00,0.00,0.00
450,0,tcp,http,SF,302,1263,0,0,0,0,0,1,0,0,0,0,0,0,0,0,0,0,2,4,0.00,0.00,0.00,0.00,1.00,0.00,0.75,255,255,1.00,0.00,0.00,0.00,0.00,0.00,0.00,0.00
451,0,tcp,http,SF,307,891,0,0,0,0,0,1,0,0,0,0,0,0,0,0,0,0,12,14,0.00,0.00,0.00,0.00,1.00,0.00,0.21,255,255,1.00,0.00,0.00,0.00,0.00,0.00,0.00,0.00
452,0,tcp,http,SF,207,891,0,0,0,0,0,1,0,0,0,0,0,0,0,0,0,0,9,13,0.00,0.00,0.00,0.00,1.00,0.00,0.15,255,255,1.00,0.00,0.00,0.00,0.00,0.00,0.00,0.00
453,0,tcp,http,SF,231,903,0,0,0,0,0,1,0,0,0,0,0,0,0,0,0,0,8,8,0.00,0.00,0.00,0.00,1.00,0.00,0.00,255,255,1.00,0.00,0.00,0.00,0.00,0.00,0.00,0.00
454,0,tcp,http,SF,304,1046,0,0,0,0,0,1,0,0,0,0,0,0,0,0,0,0,3,6,0.00,0.00,0.00,0.00,1.00,0.00,0.33,255,255,1.00,0.00,0.00,0.00,0.00,0.00,0.00,0.00
455,0,tcp,http,SF,280,2071,0,0,0,0,0,1,0,0,0,0,0,0,0,0,0,0,6,7,0.00,0.00,0.00,0.00,1.00,0.00,0.29,255,255,1.00,0.00,0.00,0.00,0.00,0.00,0.00,0.00
456,0,tcp,http,SF,208,934,0,0,0,0,0,1,0,0,0,0,0,0,0,0,0,0,9,13,0.00,0.00,0.00,0.00,1.00,0.00,0.15,255,255,1.00,0.00,0.00,0.00,0.00,0.00,0.00,0.00
457,0,tcp,http,SF,217,1255,0,0,0,0,0,1,0,0,0,0,0,0,0,0,0,0,9,10,0.00,0.00,0.00,0.00,1.00,0.00,0.20,255,255,1.00,0.00,0.00,0.00,0.00,0.00,0.00,0.00
458,0,tcp,http,SF,220,850,0,0,0,0,0,1,0,0,0,0,0,0,0,0,0,0,19,20,0.00,0.00,0.00,0.00,1.00,0.00,0.10,255,255,1.00,0.00,0.00,0.00,0.00,0.00,0.00,0.00
459,0,tcp,http,SF,202,1263,0,0,0,0,0,1,0,0,0,0,0,0,0,0,0,0,3,5,0.00,0.00,0.00,0.00,1.00,0.00,0.40,255,255,1.00,0.00,0.00,0.00,0.00,0.00,0.00,0.00
460,0,tcp,http,SF,226,944,0,0,0,0,0,1,0,0,0,0,0,0,0,0,0,0,2,3,0.00,0.00,0.00,0.00,1.00,0.00,0.67,255,255,1.00,0.00,0.00,0.00,0.00,0.00,0.00,0.00
461,0,tcp,http,SF,204,1046,0,0,0,0,0,1,0,0,0,0,0,0,0,0,0,0,3,6,0.00,0.00,0.00,0.00,1.00,0.00,0.33,255,255,1.00,0.00,0.00,0.00,0.00,0.00,0.00,0.00
462,0,tcp,http,SF,234,944,0,0,0,0,0,1,0,0,0,0,0,0,0,0,0,0,1,1,0.00,0.00,0.00,0.00,1.00,0.00,0.00,255,255,1.00,0.00,0.00,0.00,0.00,0.00,0.00,0.00
463,0,tcp,http,SF,227,1319,0,0,0,0,0,1,0,0,0,0,0,0,0,0,0,0,10,11,0.00,0.00,0.00,0.00,1.00,0.00,0.18,255,255,1.00,0.00,0.00,0.00,0.00,0.00,0.00,0.00
464,0,tcp,http,SF,333,891,0,0,0,0,0,1,0,0,0,0,0,0,0,0,0,0,11,12,0.00,0.00,0.00,0.00,1.00,0.00,0.17,255,255,1.00,0.00,0.00,0.00,0.00,0.00,0.00,0.00
465,0,tcp,http,SF,340,2325,0,0,0,0,0,1,0,0,0,0,0,0,0,0,0,0,9,11,0.00,0.00,0.00,0.00,1.00,0.00,0.18,255,255,1.00,0.00,0.00,0.00,0.00,0.00,0.00,0.00
466,0,tcp,http,SF,203,316,0,0,0,0,0,1,0,0,0,0,0,0,0,0,0,0,10,14,0.00,0.00,0.00,0.00,1.00,0.00,0.14,255,255,1.00,0.00,0.00,0.00,0.00,0.00,0.00,0.00
467,0,tcp,http,SF,207,308,0,0,0,0,0,1,0,0,0,0,0,0,0,0,0,0,8,12,0.00,0.00,0.00,0.00,1.00,0.00,0.17,255,255,1.00,0.00,0.00,0.00,0.00,0.00,0.00,0.00
468,0,tcp,http,SF,227,2325,0,0,0,0,0,1,0,0,0,0,0,0,0,0,0,0,7,8,0.00,0.00,0.00,0.00,1.00,0.00,0.25,255,255,1.00,0.00,0.00,0.00,0.00,0.00,0.00,0.00
469,0,tcp,http,SF,303,316,0,0,0,0,0,1,0,0,0,0,0,0,0,0,0,0,4,7,0.00,0.00,0.00,0.00,1.00,0.00,0.29,255,255,1.00,0.00,0.00,0.00,0.00,0.00,0.00,0.00
470,0,tcp,http,SF,206,891,0,0,0,0,0,1,0,0,0,0,0,0,0,0,0,0,4,7,0.00,0.00,0.00,0.00,1.00,0.00,0.29,255,255,1.00,0.00,0.00,0.00,0.00,0.00,0.00,0.00
471,0,tcp,http,SF,315,1263,0,0,0,0,0,1,0,0,0,0,0,0,0,0,0,0,2,3,0.00,0.00,0.00,0.00,1.00,0.00,0.67,255,255,1.00,0.00,0.01,0.00,0.00,0.00,0.00,0.00
472,0,tcp,http,SF,342,944,0,0,0,0,0,1,0,0,0,0,0,0,0,0,0,0,2,2,0.00,0.00,0.00,0.00,1.00,0.00,0.00,255,255,1.00,0.00,0.00,0.00,0.00,0.00,0.00,0.00
473,0,tcp,http,SF,356,7339,0,0,0,0,0,1,0,0,0,0,0,0,0,0,0,0,3,5,0.00,0.00,0.00,0.00,1.00,0.00,0.60,255,255,1.00,0.00,0.00,0.00,0.00,0.00,0.00,0.00
474,0,tcp,http,SF,279,891,0,0,0,0,0,1,0,0,0,0,0,0,0,0,0,0,10,14,0.00,0.00,0.00,0.00,1.00,0.00,0.14,255,255,1.00,0.00,0.00,0.00,0.00,0.00,0.00,0.00
475,0,tcp,http,SF,208,7355,0,0,0,0,0,1,0,0,0,0,0,0,0,0,0,0,9,13,0.00,0.00,0.00,0.00,1.00,0.00,0.15,255,255,1.00,0.00,0.00,0.00,0.00,0.00,0.00,0.00
476,0,tcp,http,SF,230,903,0,0,0,0,0,1,0,0,0,0,0,0,0,0,0,0,9,10,0.00,0.00,0.00,0.00,1.00,0.00,0.20,255,255,1.00,0.00,0.00,0.00,0.00,0.00,0.00,0.00
477,0,tcp,http,SF,308,944,0,0,0,0,0,1,0,0,0,0,0,0,0,0,0,0,5,7,0.00,0.00,0.00,0.00,1.00,0.00,0.29,255,255,1.00,0.00,0.00,0.00,0.00,0.00,0.00,0.00
478,0,tcp,http,SF,338,944,0,0,0,0,0,1,0,0,0,0,0,0,0,0,0,0,4,5,0.00,0.00,0.00,0.00,1.00,0.00,0.40,255,255,1.00,0.00,0.00,0.00,0.00,0.00,0.00,0.00
479,0,tcp,http,SF,343,783,0,0,0,0,0,1,0,0,0,0,0,0,0,0,0,0,2,6,0.00,0.00,0.00,0.00,1.00,0.00,0.50,255,255,1.00,0.00,0.00,0.00,0.00,0.00,0.00,0.00
480,0,tcp,http,SF,297,553,0,0,0,0,0,1,0,0,0,0,0,0,0,0,0,0,1,1,0.00,0.00,0.00,0.00,1.00,0.00,0.00,255,255,1.00,0.00,0.00,0.00,0.00,0.00,0.00,0.00
481,0,tcp,http,SF,308,2071,0,0,0,0,0,1,0,0,0,0,0,0,0,0,0,0,2,3,0.00,0.00,0.00,0.00,1.00,0.00,0.67,255,255,1.00,0.00,0.00,0.00,0.00,0.00,0.00,0.00
482,0,tcp,http,SF,308,934,0,0,0,0,0,1,0,0,0,0,0,0,0,0,0,0,11,15,0.00,0.00,0.00,0.00,1.00,0.00,0.13,255,255,1.00,0.00,0.00,0.00,0.00,0.00,0.00,0.00
483,0,tcp,http,SF,296,934,0,0,0,0,0,1,0,0,0,0,0,0,0,0,0,0,5,5,0.00,0.00,0.00,0.00,1.00,0.00,0.00,255,255,1.00,0.00,0.00,0.00,0.00,0.00,0.00,0.00
484,0,tcp,http,SF,228,16617,0,0,0,0,0,1,0,0,0,0,0,0,0,0,0,0,5,8,0.00,0.00,0.00,0.00,1.00,0.00,0.25,255,255,1.00,0.00,0.00,0.00,0.00,0.00,0.00,0.00
485,0,tcp,http,SF,301,934,0,0,0,0,0,1,0,0,0,0,0,0,0,0,0,0,4,4,0.00,0.00,0.00,0.00,1.00,0.00,0.00,255,255,1.00,0.00,0.00,0.00,0.00,0.00,0.00,0.00
486,0,tcp,http,SF,293,472,0,0,0,0,0,1,0,0,0,0,0,0,0,0,0,0,1,1,0.00,0.00,0.00,0.00,1.00,0.00,0.00,255,255,1.00,0.00,0.00,0.00,0.00,0.00,0.00,0.00
487,0,tcp,http,SF,186,784,0,0,0,0,0,1,0,0,0,0,0,0,0,0,0,0,6,9,0.00,0.00,0.00,0.00,1.00,0.00,0.22,255,255,1.00,0.00,0.00,0.00,0.00,0.00,0.00,0.00
488,0,tcp,http,SF,216,316,0,0,0,0,0,1,0,0,0,0,0,0,0,0,0,0,5,5,0.00,0.00,0.00,0.00,1.00,0.00,0.00,255,255,1.00,0.00,0.00,0.00,0.00,0.00,0.00,0.00
489,0,tcp,http,SF,221,316,0,0,0,0,0,1,0,0,0,0,0,0,0,0,0,0,3,8,0.00,0.00,0.00,0.00,1.00,0.00,0.62,255,255,1.00,0.00,0.00,0.00,0.00,0.00,0.00,0.00
490,0,tcp,http,SF,216,316,0,0,0,0,0,1,0,0,0,0,0,0,0,0,0,0,3,3,0.00,0.00,0.00,0.00,1.00,0.00,0.00,255,255,1.00,0.00,0.00,0.00,0.00,0.00,0.00,0.00
491,0,tcp,http,SF,216,784,0,0,0,0,0,1,0,0,0,0,0,0,0,0,0,0,11,11,0.00,0.00,0.00,0.00,1.00,0.00,0.00,255,255,1.00,0.00,0.00,0.00,0.00,0.00,0.00,0.00
492,0,tcp,http,SF,280,2071,0,0,0,0,0,1,0,0,0,0,0,0,0,0,0,0,10,13,0.00,0.00,0.00,0.00,1.00,0.00,0.15,255,255,1.00,0.00,0.00,0.00,0.00,0.00,0.00,0.00
493,0,tcp,http,SF,290,1046,0,0,0,0,0,1,0,0,0,0,0,0,0,0,0,0,4,4,0.00,0.00,0.00,0.00,1.00,0.00,0.00,255,255,1.00,0.00,0.00,0.00,0.00,0.00,0.00,0.00
494,0,tcp,http,SF,279,891,0,0,0,0,0,1,0,0,0,0,0,0,0,0,0,0,6,8,0.00,0.00,0.00,0.00,1.00,0.00,0.25,255,255,1.00,0.00,0.00,0.00,0.00,0.00,0.00,0.00
495,0,tcp,http,SF,294,934,0,0,0,0,0,1,0,0,0,0,0,0,0,0,0,0,3,5,0.00,0.00,0.00,0.00,1.00,0.00,0.60,255,255,1.00,0.00,0.00,0.00,0.00,0.00,0.00,0.00
496,0,tcp,http,SF,277,891,0,0,0,0,0,1,0,0,0,0,0,0,0,0,0,0,5,5,0.00,0.00,0.00,0.00,1.00,0.00,0.00,255,255,1.00,0.00,0.01,0.00,0.00,0.00,0.00,0.00
497,0,tcp,http,SF,295,2325,0,0,0,0,0,1,0,0,0,0,0,0,0,0,0,0,3,6,0.00,0.00,0.00,0.00,1.00,0.00,0.67,255,255,1.00,0.00,0.00,0.00,0.00,0.00,0.00,0.00
498,0,tcp,http,SF,303,1263,0,0,0,0,0,1,0,0,0,0,0,0,0,0,0,0,6,7,0.00,0.00,0.00,0.00,1.00,0.00,0.29,255,255,1.00,0.00,0.00,0.00,0.00,0.00,0.00,0.00
499,0,tcp,http,SF,274,1046,0,0,0,0,0,1,0,0,0,0,0,0,0,0,0,0,10,14,0.00,0.00,0.00,0.00,1.00,0.00,0.14,255,255,1.00,0.00,0.00,0.00,0.00,0.00,0.00,0.00